DateTime," NDSI (Landsat 4/5/7/8 SR) at Polygon 1, 1984-01-01 to 2019-08-15"," NDSI (Landsat 4/5/7/8 SR) at Polygon 2, 1984-01-01 to 2019-08-15"
4/10/1984,0.3609,0.6046
5/12/1984,-0.044,
6/6/1984,-0.3972,-0.4205
6/13/1984,-0.4335,
6/22/1984,-0.4963,-0.5057
6/29/1984,-0.4725,-0.4871
7/8/1984,-0.4332,-0.4522
7/15/1984,-0.4267,-0.439
7/24/1984,,
8/25/1984,-0.4718,-0.4853
11/4/1984,-0.2197,0.0287
11/13/1984,-0.3255,-0.1749
11/20/1984,-0.3493,-0.2344
12/22/1984,0.0121,0.0942
1/7/1985,,0.2525
1/16/1985,-0.0113,0.1782
1/23/1985,-0.0538,0.2772
2/1/1985,0.5387,0.4935
2/8/1985,0.1938,0.2086
2/17/1985,,
4/6/1985,-0.3249,-0.0716
4/13/1985,-0.4153,-0.3982
5/8/1985,-0.4807,-0.5076
5/24/1985,-0.4659,-0.492
7/27/1985,-0.4789,-0.4923
8/12/1985,-0.5028,-0.515
8/28/1985,-0.465,-0.4724
9/4/1985,0.0308,-0.1822
9/13/1985,-0.4428,-0.45
10/15/1985,-0.3758,-0.2266
10/22/1985,-0.4442,-0.4618
10/31/1985,,
11/16/1985,0.4359,0.4365
11/23/1985,0.0542,0.1885
12/2/1985,-0.0342,-0.029
12/9/1985,,
1/3/1986,0.0423,0.147
1/10/1986,0.2768,0.2519
1/19/1986,,
1/26/1986,-0.2494,-0.179
2/4/1986,-0.2827,0.025
2/27/1986,,
3/8/1986,,
3/15/1986,,-0.1153
3/31/1986,,-0.361
4/9/1986,-0.2727,-0.0217
4/25/1986,-0.4359,-0.4453
5/2/1986,,-0.2363
5/11/1986,-0.4691,-0.482
5/18/1986,-0.3822,-0.4371
6/3/1986,,-0.2957
6/12/1986,-0.472,-0.4797
6/19/1986,-0.4474,-0.4355
6/28/1986,-0.4282,-0.4658
7/5/1986,,
7/14/1986,-0.4791,-0.4912
7/21/1986,,-0.278
7/30/1986,-0.4749,-0.4909
8/6/1986,-0.4782,-0.4929
8/15/1986,-0.4778,-0.4871
8/22/1986,,-0.2415
8/31/1986,-0.4627,-0.4737
9/7/1986,,
9/16/1986,-0.2481,
9/23/1986,-0.4121,-0.4489
10/2/1986,-0.4341,-0.4416
10/9/1986,-0.3953,-0.3969
10/18/1986,-0.4128,-0.4348
10/25/1986,-0.3912,-0.4061
11/10/1986,0.0575,0.2494
11/26/1986,0.3427,0.3773
12/12/1986,0.5659,0.5706
12/21/1986,0.4133,0.5263
12/28/1986,0.3365,0.4616
1/6/1987,0.2793,0.5401
1/13/1987,0.2441,0.403
1/22/1987,0.5099,0.519
1/29/1987,0.2576,0.3767
2/7/1987,0.0878,0.3803
3/2/1987,0.6417,0.6553
4/3/1987,0.0714,0.3626
4/19/1987,-0.429,-0.3327
4/28/1987,-0.434,-0.447
5/5/1987,,
5/14/1987,-0.4581,-0.4416
5/30/1987,-0.4532,-0.4674
6/6/1987,-0.4196,-0.4001
6/15/1987,-0.4713,-0.4866
6/22/1987,-0.4857,-0.4998
7/1/1987,-0.4642,-0.4862
7/24/1987,-0.4817,-0.0307
8/2/1987,-0.491,-0.4967
8/9/1987,-0.285,-0.3375
8/18/1987,-0.4794,-0.4841
8/25/1987,-0.4176,-0.414
9/3/1987,-0.477,-0.485
9/10/1987,-0.4582,-0.4732
9/19/1987,-0.4583,-0.474
9/26/1987,-0.4329,-0.4606
10/5/1987,-0.3461,-0.335
10/12/1987,-0.4544,-0.4583
10/21/1987,-0.4305,-0.4498
11/14/1987,-0.3024,-0.3715
3/4/1988,,
3/20/1988,,
3/29/1988,0.6143,0.616
4/5/1988,-0.2735,-0.1759
4/14/1988,,
4/21/1988,-0.4357,-0.4586
4/30/1988,-0.3934,-0.4705
5/7/1988,-0.4633,-0.4842
5/16/1988,-0.4666,-0.4809
5/23/1988,-0.4196,-0.3548
6/1/1988,-0.3129,-0.4253
6/8/1988,-0.4194,-0.4674
6/17/1988,-0.4526,-0.4611
6/24/1988,-0.4485,-0.4693
7/3/1988,-0.4605,-0.474
7/26/1988,-0.3885,-0.4251
7/27/1988,-0.46,-0.4728
8/11/1988,-0.433,-0.3476
8/27/1988,-0.3703,-0.2575
9/5/1988,-0.4731,-0.4779
9/21/1988,-0.3468,
9/28/1988,-0.1661,-0.4219
10/7/1988,-0.3805,-0.3755
10/14/1988,-0.4392,-0.439
10/23/1988,-0.4313,-0.4377
10/30/1988,-0.4022,-0.406
4/1/1989,,
4/8/1989,-0.3631,-0.4299
4/17/1989,-0.3791,-0.3791
4/24/1989,-0.4444,-0.4744
5/3/1989,-0.3801,-0.208
5/10/1989,,
5/26/1989,,
6/11/1989,,
6/20/1989,-0.2874,-0.2684
7/5/1989,-0.4844,-0.4867
7/13/1989,-0.4803,-0.4734
7/14/1989,-0.3488,-0.4589
7/22/1989,-0.2093,-0.3968
7/29/1989,-0.4543,-0.4595
8/7/1989,-0.4612,-0.4685
8/14/1989,-0.5016,-0.4772
8/15/1989,-0.4774,-0.4805
8/23/1989,-0.4686,-0.4776
8/30/1989,-0.4801,-0.4961
8/31/1989,-0.4725,-0.4817
9/7/1989,-0.4894,-0.4949
9/8/1989,-0.3593,-0.3734
9/15/1989,-0.487,-0.4973
9/24/1989,-0.4557,-0.462
10/1/1989,-0.4821,-0.4861
10/10/1989,-0.4415,-0.4525
10/17/1989,,
2/15/1990,0.4776,0.5237
3/26/1990,-0.1982,-0.1232
4/4/1990,-0.3225,-0.229
4/11/1990,,-0.3396
4/20/1990,-0.4138,-0.4503
4/27/1990,,
5/6/1990,-0.4612,-0.3319
5/13/1990,-0.3818,
5/22/1990,-0.4521,-0.4575
6/23/1990,-0.4537,-0.4634
7/9/1990,-0.415,-0.3668
8/10/1990,-0.3547,-0.3982
9/2/1990,-0.4539,-0.4823
9/11/1990,-0.4753,-0.4844
9/27/1990,,
10/4/1990,,
10/13/1990,-0.4513,-0.4569
10/29/1990,-0.4296,-0.4436
3/22/1991,0.6319,0.6099
3/29/1991,,
4/7/1991,,
4/14/1991,0.4098,0.4327
4/23/1991,,
4/30/1991,0.4531,0.3196
5/9/1991,,
5/25/1991,-0.456,-0.4635
6/1/1991,,
6/10/1991,-0.4407,-0.4548
6/17/1991,-0.4852,-0.4984
6/26/1991,-0.4353,-0.4482
7/3/1991,-0.4533,-0.4271
7/12/1991,-0.4317,-0.2137
7/19/1991,-0.4765,-0.3497
7/28/1991,-0.4798,-0.4834
8/4/1991,,
8/20/1991,,-0.4002
8/29/1991,-0.4579,-0.4616
9/5/1991,-0.4171,-0.4487
9/14/1991,-0.4627,-0.4643
9/21/1991,-0.4723,-0.4711
10/7/1991,-0.4269,-0.4568
10/16/1991,-0.4303,-0.4339
10/23/1991,,-0.1799
1/20/1992,0.4479,0.4865
3/15/1992,0.1248,0.4659
3/24/1992,0.1423,0.4243
3/31/1992,,
4/9/1992,-0.3107,-0.2588
4/16/1992,-0.1703,0.5924
4/25/1992,-0.4141,-0.4149
5/2/1992,-0.1776,
5/11/1992,-0.3982,-0.4162
5/18/1992,-0.2849,-0.2311
6/3/1992,-0.2998,-0.3574
6/4/1992,-0.3615,-0.3859
6/11/1992,-0.1996,-0.1761
6/12/1992,-0.42,-0.4345
6/19/1992,-0.4355,-0.4283
6/20/1992,-0.2763,
6/28/1992,-0.2357,-0.3434
7/5/1992,-0.4545,-0.4722
7/6/1992,-0.4662,-0.4687
7/21/1992,-0.435,-0.4509
7/30/1992,-0.4431,-0.4491
8/15/1992,-0.441,-0.4502
8/22/1992,-0.3823,-0.3328
8/31/1992,,
9/7/1992,-0.4192,-0.4218
9/16/1992,-0.3311,-0.3586
9/23/1992,-0.455,-0.4688
10/2/1992,-0.4099,-0.4152
10/9/1992,-0.3735,-0.3416
10/18/1992,-0.3797,-0.4277
10/25/1992,-0.2425,-0.3299
11/3/1992,,
11/10/1992,0.0345,0.095
11/26/1992,0.6259,0.6162
12/12/1992,,
12/21/1992,0.473,0.5032
1/6/1993,0.3875,0.459
1/13/1993,0.3444,0.4712
1/22/1993,0.1984,0.3735
1/29/1993,,
2/7/1993,,
2/14/1993,,0.4364
2/23/1993,0.1474,0.377
3/2/1993,0.0617,0.3381
3/18/1993,,
4/3/1993,,
4/12/1993,-0.3832,-0.3845
4/19/1993,,-0.2628
4/28/1993,-0.4129,-0.4217
5/5/1993,,
5/14/1993,-0.2568,-0.3344
5/30/1993,-0.2231,-0.3925
6/6/1993,,
6/15/1993,-0.4528,-0.4138
6/22/1993,-0.4638,-0.4757
7/1/1993,-0.4471,-0.4599
7/8/1993,-0.1572,-0.252
7/17/1993,,
7/24/1993,,-0.4245
8/2/1993,-0.3245,-0.4478
8/9/1993,-0.4791,-0.4883
8/18/1993,-0.3214,-0.1939
8/25/1993,-0.4222,-0.4577
9/3/1993,-0.4495,-0.4547
9/10/1993,-0.4348,-0.4298
9/19/1993,-0.3912,-0.4264
9/26/1993,-0.4574,-0.4635
10/5/1993,-0.4212,-0.4258
10/12/1993,-0.343,-0.3841
10/21/1993,-0.3954,-0.3993
10/28/1993,0.0323,
11/6/1993,0.4947,0.625
11/13/1993,0.1036,0.3471
11/22/1993,-0.0129,0.1832
11/29/1993,-0.0901,0.0946
12/8/1993,-0.1087,-0.0344
12/24/1993,,
1/9/1994,0.0284,0.2028
1/16/1994,,
1/25/1994,,
2/1/1994,0.6374,0.6429
2/10/1994,0.4898,
2/17/1994,,
2/26/1994,0.0442,0.1681
3/14/1994,-0.227,-0.1465
3/21/1994,-0.4087,-0.2861
3/30/1994,0.6072,0.641
4/6/1994,0.6938,0.6618
4/15/1994,-0.3454,-0.2318
4/22/1994,-0.4216,-0.4255
5/1/1994,,
5/8/1994,-0.4601,-0.4784
5/17/1994,-0.4161,-0.4297
5/24/1994,-0.2776,-0.3568
6/2/1994,-0.3895,-0.3903
6/9/1994,-0.4758,-0.4891
6/18/1994,-0.4546,-0.4721
6/25/1994,-0.4174,-0.3406
7/4/1994,-0.4662,-0.4762
7/11/1994,-0.4317,-0.4553
8/5/1994,,-0.3433
8/12/1994,-0.4795,-0.4919
8/21/1994,-0.4478,-0.422
9/6/1994,-0.3955,-0.4701
9/13/1994,,
9/22/1994,-0.4204,-0.4049
9/29/1994,,
10/8/1994,-0.3173,0.0156
10/15/1994,,
10/24/1994,-0.2717,-0.3418
10/31/1994,0.2115,0.0541
11/9/1994,0.3921,0.4605
11/16/1994,-0.032,-0.1775
11/25/1994,-0.1211,0.1748
12/2/1994,-0.3309,-0.1785
12/11/1994,,
12/18/1994,-0.1525,-0.0134
12/27/1994,-0.2681,-0.2095
1/3/1995,0.3816,0.4531
1/12/1995,,
1/19/1995,-0.2818,-0.164
1/28/1995,0.0101,0.3249
2/4/1995,-0.2057,-0.0189
2/13/1995,0.6784,0.6453
2/20/1995,0.0097,0.3061
3/8/1995,,
3/17/1995,,
3/24/1995,-0.3346,-0.3688
4/2/1995,0.2137,
4/18/1995,,
4/25/1995,-0.0567,0.5322
5/4/1995,-0.2127,-0.1515
5/11/1995,,
6/5/1995,-0.4414,-0.415
6/12/1995,-0.4773,-0.4979
6/21/1995,-0.4493,-0.4637
6/28/1995,-0.3238,-0.3281
7/7/1995,-0.455,-0.4643
7/23/1995,-0.253,-0.4267
7/30/1995,-0.334,-0.4373
8/8/1995,,
8/15/1995,-0.4881,-0.4931
8/24/1995,-0.4579,-0.4685
8/31/1995,-0.4819,-0.4874
9/9/1995,-0.2694,
9/16/1995,-0.4371,-0.4614
9/25/1995,-0.447,-0.4379
10/2/1995,-0.4867,-0.5119
10/11/1995,-0.4374,-0.4607
10/18/1995,-0.4628,-0.5007
11/3/1995,-0.4521,-0.4889
11/19/1995,-0.2539,-0.3855
12/5/1995,-0.3204,-0.3584
12/14/1995,-0.2819,-0.3199
12/21/1995,-0.1244,-0.0698
1/31/1996,0.3306,0.2525
2/7/1996,-0.0315,0.0724
2/16/1996,-0.318,-0.2592
2/23/1996,-0.3904,-0.4002
3/3/1996,-0.324,-0.2104
3/10/1996,,
3/19/1996,0.0752,0.4552
3/26/1996,-0.0692,-0.031
4/11/1996,-0.42,-0.4348
4/27/1996,,
5/6/1996,-0.4288,-0.4498
5/13/1996,-0.4052,-0.4555
5/22/1996,-0.445,-0.4639
5/29/1996,-0.4899,-0.5102
6/7/1996,-0.4573,-0.4747
6/14/1996,,
6/23/1996,-0.459,-0.4546
6/30/1996,-0.3651,-0.3989
7/16/1996,-0.4733,-0.4844
7/25/1996,-0.4243,-0.42
8/1/1996,-0.3789,-0.4321
8/10/1996,-0.5115,-0.509
8/17/1996,-0.4753,-0.49
8/26/1996,-0.4308,-0.4314
9/2/1996,,
9/11/1996,-0.4357,-0.4228
9/18/1996,-0.4919,-0.5036
9/27/1996,0.6421,0.6674
10/4/1996,-0.3996,-0.4166
10/13/1996,-0.4694,-0.4946
10/20/1996,-0.1387,-0.064
10/29/1996,,
11/14/1996,,
11/21/1996,,
11/30/1996,,
12/7/1996,0.4639,0.4146
12/16/1996,,
12/23/1996,0.2112,0.2745
1/1/1997,,
1/8/1997,0.2337,0.4208
1/17/1997,0.2605,0.3391
1/24/1997,-0.255,-0.142
2/2/1997,-0.3215,-0.3174
2/9/1997,-0.0445,0.0449
2/18/1997,-0.2827,-0.2386
2/25/1997,0.5309,0.54
3/6/1997,0.3163,0.5021
3/22/1997,-0.2513,-0.367
3/29/1997,,
4/7/1997,0.4328,0.5228
4/14/1997,,
4/23/1997,,
4/30/1997,-0.4411,-0.4578
5/9/1997,-0.4424,-0.4545
5/16/1997,-0.4191,-0.4608
5/25/1997,-0.4916,-0.439
6/1/1997,-0.4656,-0.4796
6/10/1997,-0.3655,-0.3714
6/17/1997,,-0.3417
6/26/1997,-0.5025,-0.5141
7/3/1997,-0.48,-0.4899
7/12/1997,-0.4627,-0.4476
7/19/1997,,
8/13/1997,-0.4615,-0.4363
8/20/1997,-0.5204,-0.5355
8/29/1997,-0.4124,-0.4496
9/5/1997,-0.4709,-0.4871
9/14/1997,-0.4767,-0.4883
9/30/1997,-0.4875,-0.4948
10/7/1997,-0.3302,-0.3282
10/16/1997,-0.4458,-0.448
11/1/1997,0.5313,0.554
11/17/1997,0.2577,0.3982
11/24/1997,0.09,0.2785
12/3/1997,0.6168,0.6321
12/26/1997,0.5388,0.522
1/4/1998,0.4123,0.531
1/11/1998,,
1/20/1998,,
1/27/1998,0.3148,0.4892
2/5/1998,0.3245,0.4858
2/12/1998,0.2906,0.5022
2/28/1998,0.2417,0.5334
3/9/1998,0.4736,0.5356
3/16/1998,,
3/25/1998,-0.1817,0.0002
4/1/1998,0.0259,0.4758
4/10/1998,-0.1972,
4/17/1998,0.6875,0.704
5/3/1998,-0.3875,-0.3888
5/12/1998,-0.49,-0.4682
5/19/1998,-0.4504,-0.4767
5/28/1998,-0.4717,-0.4667
6/4/1998,-0.3866,
6/13/1998,-0.4281,-0.4554
6/20/1998,-0.4621,-0.4744
6/29/1998,-0.4649,-0.4754
7/15/1998,-0.4664,-0.4817
7/22/1998,,-0.3567
7/31/1998,,
8/7/1998,-0.5014,-0.5122
8/16/1998,-0.4759,-0.4446
8/23/1998,-0.49,-0.5076
9/1/1998,,
9/8/1998,-0.4651,-0.4754
9/17/1998,-0.4603,-0.4678
9/24/1998,-0.4919,-0.5026
10/3/1998,-0.2982,-0.2531
10/10/1998,-0.4717,-0.4759
10/19/1998,-0.4273,-0.4347
11/4/1998,0.1232,0.2593
11/11/1998,0.4027,0.4417
11/20/1998,,
11/27/1998,-0.4131,-0.4252
12/6/1998,0.4232,0.4358
12/13/1998,0.2831,0.4168
12/22/1998,0.521,0.4738
12/29/1998,0.0326,0.1277
1/7/1999,-0.1734,-0.0712
1/14/1999,,
1/23/1999,0.4432,0.4871
1/30/1999,,
2/8/1999,-0.3357,-0.2266
2/24/1999,-0.1895,-0.0458
3/19/1999,-0.3767,-0.3403
3/28/1999,-0.4062,-0.4093
4/4/1999,0.4549,0.5535
4/20/1999,-0.4118,-0.4275
5/6/1999,-0.4484,-0.4666
5/15/1999,-0.4499,-0.4599
5/22/1999,-0.4486,-0.4513
5/31/1999,-0.3128,-0.4262
6/7/1999,-0.4762,-0.4938
6/23/1999,-0.466,-0.4811
7/1/1999,-0.4982,-0.5024
7/2/1999,,
7/9/1999,,
7/10/1999,-0.4713,-0.4784
7/17/1999,-0.4737,-0.4584
7/18/1999,-0.4136,-0.4042
7/25/1999,,
7/26/1999,-0.502,-0.5071
8/2/1999,-0.5064,-0.5019
8/3/1999,-0.4013,-0.4333
8/10/1999,-0.1712,
8/11/1999,,
8/18/1999,-0.5241,-0.5301
8/19/1999,-0.4777,-0.491
8/26/1999,-0.4618,-0.4756
8/27/1999,-0.5086,-0.5111
9/3/1999,-0.5111,-0.4991
9/4/1999,-0.4765,-0.4738
9/11/1999,,
9/12/1999,-0.4422,-0.4703
9/27/1999,-0.3121,-0.319
9/28/1999,,
10/5/1999,-0.4825,-0.4913
10/6/1999,,
10/13/1999,-0.472,-0.4843
10/14/1999,-0.4744,-0.4739
10/21/1999,-0.38,-0.1667
10/22/1999,-0.4073,-0.3217
10/29/1999,,0.0188
10/30/1999,-0.4535,-0.4649
11/6/1999,-0.4722,-0.4817
11/7/1999,-0.3945,-0.3949
11/14/1999,-0.4482,-0.446
11/15/1999,-0.4384,-0.4482
11/23/1999,0.7036,0.7089
11/30/1999,,
12/1/1999,-0.3123,-0.177
12/8/1999,,
12/17/1999,0.4842,0.452
12/24/1999,0.3588,0.3681
12/25/1999,0.3661,0.3756
1/2/2000,0.6184,0.6532
1/9/2000,0.355,0.4906
1/10/2000,,
1/17/2000,,
1/18/2000,-0.0211,
1/26/2000,,
2/2/2000,0.4425,0.4666
2/3/2000,0.4576,0.5589
2/10/2000,,
2/11/2000,-0.1086,0.381
2/18/2000,0.5817,0.6366
2/19/2000,0.199,0.4559
2/26/2000,-0.3178,-0.0288
2/27/2000,-0.1488,0.0065
3/5/2000,-0.292,-0.0273
3/6/2000,-0.3468,-0.1073
3/13/2000,-0.4012,-0.1345
3/14/2000,-0.3577,-0.1969
3/21/2000,,0.5133
3/29/2000,-0.3792,0.2652
4/7/2000,-0.3268,-0.3213
4/14/2000,-0.4549,-0.4654
4/23/2000,,
5/1/2000,-0.1153,
5/9/2000,-0.352,-0.4319
5/16/2000,-0.5126,-0.5112
5/17/2000,,
5/24/2000,,
5/25/2000,-0.3772,
6/1/2000,-0.5001,-0.5064
6/2/2000,-0.4488,-0.4085
6/9/2000,,
6/10/2000,-0.4804,-0.4757
6/17/2000,,
6/18/2000,-0.4404,-0.4566
6/25/2000,-0.2199,
7/3/2000,,
7/4/2000,-0.4835,-0.4806
7/11/2000,-0.4654,-0.4249
7/12/2000,-0.3375,
7/19/2000,-0.5272,-0.53
7/20/2000,-0.47,-0.4882
7/27/2000,-0.2898,-0.3278
7/28/2000,-0.4257,-0.4604
8/4/2000,-0.4677,-0.4693
8/5/2000,-0.478,-0.4826
8/12/2000,,
8/13/2000,-0.5114,-0.4984
8/20/2000,,
8/21/2000,-0.349,
8/28/2000,-0.475,-0.4738
9/5/2000,-0.5137,-0.5082
9/6/2000,,-0.3755
9/13/2000,-0.4826,-0.4732
9/14/2000,-0.4981,-0.4897
9/21/2000,-0.2953,-0.4527
9/22/2000,,
9/29/2000,-0.1725,-0.1258
9/30/2000,-0.4813,-0.4641
10/7/2000,,
10/8/2000,-0.4348,-0.4003
10/15/2000,-0.4705,-0.4593
10/16/2000,-0.4769,-0.4605
10/23/2000,,
10/24/2000,-0.424,-0.4126
10/31/2000,,
11/1/2000,-0.4292,-0.4411
11/8/2000,0.027,0.0638
11/9/2000,-0.1438,-0.1124
11/16/2000,0.4021,0.5125
11/17/2000,0.372,0.4997
11/24/2000,0.0794,0.3081
11/25/2000,-0.0137,0.1634
12/2/2000,-0.1526,0.0621
12/3/2000,-0.1796,0.0098
12/10/2000,,
12/11/2000,0.5371,0.5742
12/18/2000,-0.0038,0.1739
12/19/2000,,
12/26/2000,0.5024,0.5277
12/27/2000,0.2366,0.3096
1/4/2001,-0.166,-0.0104
1/11/2001,-0.2728,-0.1255
1/12/2001,-0.2494,-0.138
1/19/2001,0.343,0.298
1/20/2001,,
1/27/2001,,
2/4/2001,0,0.3074
2/5/2001,-0.1104,0.1482
2/12/2001,0.4097,0.4827
2/13/2001,0.2754,0.4038
2/20/2001,-0.0564,0.214
2/21/2001,-0.0836,0.1288
2/28/2001,,
3/1/2001,0.5252,
3/8/2001,-0.1566,0.0622
3/9/2001,-0.3072,-0.0282
3/16/2001,,
3/24/2001,0.6063,0.6261
3/25/2001,-0.1511,
4/1/2001,-0.4883,-0.3958
4/2/2001,-0.368,-0.3983
4/9/2001,-0.4335,-0.4414
4/10/2001,,
4/17/2001,-0.4594,-0.3368
4/18/2001,-0.4041,-0.2988
4/25/2001,-0.4468,-0.4525
4/26/2001,-0.4607,-0.4673
5/11/2001,-0.4231,-0.4231
5/12/2001,-0.4764,-0.4769
5/19/2001,,
5/20/2001,-0.4666,-0.4687
5/27/2001,-0.3364,-0.4261
5/28/2001,,
6/4/2001,-0.3979,
6/5/2001,-0.4503,-0.456
6/12/2001,-0.3175,-0.3428
6/13/2001,,
6/20/2001,-0.3418,-0.3491
6/21/2001,-0.4729,-0.4624
6/28/2001,-0.4793,-0.4514
6/29/2001,-0.4332,-0.4363
7/6/2001,-0.2519,-0.2214
7/7/2001,-0.4812,-0.4531
7/15/2001,-0.4696,
7/22/2001,,-0.414
7/23/2001,,
7/30/2001,-0.2607,
7/31/2001,-0.5068,-0.4933
8/7/2001,-0.3492,-0.4369
8/8/2001,-0.5075,-0.37
8/15/2001,-0.4547,-0.4423
8/16/2001,,
8/23/2001,,
8/24/2001,-0.5107,-0.5041
8/31/2001,,
9/1/2001,-0.44,-0.4322
9/8/2001,0.6297,
9/9/2001,-0.4754,-0.3331
9/16/2001,-0.2878,-0.2818
9/17/2001,-0.4885,-0.3935
9/24/2001,-0.4989,-0.495
9/25/2001,-0.4801,-0.4662
10/2/2001,-0.3403,-0.4379
10/3/2001,-0.4903,-0.4834
10/11/2001,,
10/18/2001,-0.3941,-0.2063
10/19/2001,-0.4708,-0.4543
10/26/2001,-0.5006,-0.4984
10/27/2001,,
11/3/2001,-0.1695,-0.2038
11/4/2001,-0.4695,-0.4485
11/11/2001,-0.451,-0.4149
11/12/2001,-0.4134,-0.3997
11/19/2001,0.1645,0.4021
11/20/2001,-0.3903,-0.2553
11/27/2001,0.4886,0.2472
11/28/2001,0.6131,0.6039
12/5/2001,-0.2104,-0.111
12/6/2001,-0.2752,-0.1833
12/13/2001,0.2711,0.4419
12/14/2001,,
12/21/2001,-0.1964,-0.1113
12/22/2001,0.5316,0.5443
12/29/2001,-0.098,0.1468
12/30/2001,,
1/6/2002,0.2786,0.2761
1/7/2002,0.1138,0.1784
1/14/2002,-0.2086,0.0885
1/15/2002,-0.0914,0.1348
1/22/2002,-0.1978,0.0458
1/23/2002,,
1/30/2002,0.4033,0.4002
1/31/2002,0.4717,0.4973
2/7/2002,-0.127,0.0446
2/8/2002,-0.1662,0.0393
2/15/2002,0.6858,0.6607
2/16/2002,0.23,0.3546
2/23/2002,-0.1284,-0.0372
2/24/2002,-0.2965,-0.0921
3/3/2002,0.6438,0.5987
3/12/2002,,
3/19/2002,0.439,0.5772
3/28/2002,-0.3902,-0.2552
4/4/2002,-0.4989,-0.4897
4/13/2002,-0.4879,-0.4824
4/20/2002,-0.4375,-0.4232
4/29/2002,-0.2878,-0.3592
5/6/2002,-0.503,-0.4982
5/7/2002,-0.4641,-0.4592
5/14/2002,,
5/15/2002,-0.2839,-0.4164
5/22/2002,-0.501,-0.4975
5/23/2002,,
5/31/2002,-0.4898,-0.4488
6/7/2002,-0.5027,-0.4908
6/8/2002,-0.4687,-0.4589
6/15/2002,,
6/16/2002,-0.3599,-0.3884
6/23/2002,-0.5334,-0.4894
6/24/2002,-0.394,-0.3657
7/1/2002,-0.3342,-0.2753
7/2/2002,-0.4696,-0.4381
7/9/2002,-0.566,-0.5324
7/10/2002,-0.5088,-0.4164
7/17/2002,-0.5237,-0.4933
7/18/2002,-0.5299,-0.5221
7/25/2002,-0.4155,-0.3971
7/26/2002,-0.4944,-0.5073
8/2/2002,,0.0324
8/3/2002,,
8/10/2002,-0.5727,-0.5637
8/11/2002,-0.5303,-0.5151
8/18/2002,,-0.2204
8/19/2002,-0.5076,-0.4932
8/26/2002,-0.5608,-0.5537
8/27/2002,-0.463,-0.3759
9/3/2002,-0.3226,
9/4/2002,-0.4783,-0.4999
9/11/2002,,
9/12/2002,-0.5074,-0.4768
9/19/2002,-0.4803,-0.4387
9/20/2002,-0.5658,-0.5355
9/27/2002,,
9/28/2002,-0.3602,-0.3394
10/5/2002,,-0.4482
10/6/2002,-0.5284,-0.5185
10/13/2002,-0.5345,-0.5378
10/14/2002,-0.4795,-0.4599
10/21/2002,-0.4835,-0.4402
10/22/2002,-0.432,-0.2056
10/29/2002,,
10/30/2002,0.5591,0.5458
11/6/2002,-0.414,-0.2873
11/7/2002,,
11/14/2002,-0.3985,-0.3709
11/22/2002,,-0.2728
11/23/2002,,
11/30/2002,-0.2826,-0.349
12/1/2002,,
12/8/2002,,
12/9/2002,-0.4836,-0.4498
12/16/2002,-0.5067,-0.486
12/17/2002,-0.4332,-0.3759
12/24/2002,0.2309,0.3206
12/25/2002,-0.1417,0.0209
1/1/2003,0.4982,
1/2/2003,0.5691,0.4336
1/9/2003,-0.1443,-0.2222
1/10/2003,-0.06,-0.1838
1/17/2003,-0.4388,-0.3746
1/18/2003,-0.36,-0.372
1/25/2003,-0.4445,-0.3978
1/26/2003,-0.4877,-0.4551
2/2/2003,-0.2449,-0.2494
2/3/2003,0.6256,0.6112
2/10/2003,0.7007,0.5725
2/11/2003,,
2/19/2003,0.0938,0.4848
2/27/2003,0.6853,0.6459
3/6/2003,0.4179,0.612
3/7/2003,0.2932,0.6026
3/14/2003,-0.3619,-0.1217
3/15/2003,-0.5078,-0.2982
3/22/2003,0.8853,0.6982
3/23/2003,0.7928,0.6899
3/30/2003,0.1009,
3/31/2003,,
4/7/2003,-0.4758,-0.3026
4/8/2003,-0.4303,-0.1696
4/16/2003,-0.5185,-0.5262
4/23/2003,,
4/24/2003,0.5702,
5/1/2003,-0.4514,-0.4678
5/2/2003,,
5/9/2003,-0.4266,-0.4136
5/10/2003,,
5/17/2003,-0.5138,-0.5249
5/18/2003,-0.4243,-0.376
5/25/2003,-0.4815,-0.4624
5/26/2003,-0.4553,-0.4837
6/2/2003,-0.3031,-0.3241
6/11/2003,-0.5013,-0.5114
6/18/2003,-0.3331,
6/27/2003,-0.491,-0.5033
7/4/2003,-0.5016,-0.5249
7/13/2003,,
7/20/2003,-0.4726,-0.4804
7/21/2003,-0.5009,-0.5179
7/28/2003,-0.4298,-0.391
7/29/2003,,
8/5/2003,-0.4682,-0.488
8/6/2003,-0.4917,-0.5242
8/13/2003,-0.5069,-0.521
8/14/2003,-0.4856,-0.5101
8/21/2003,-0.305,
8/22/2003,-0.4239,-0.4767
8/29/2003,-0.4457,-0.3881
9/6/2003,,
9/15/2003,-0.5,-0.5101
9/22/2003,-0.5119,-0.5266
9/23/2003,-0.503,-0.5113
9/30/2003,-0.4897,-0.4865
10/1/2003,-0.4105,-0.3354
10/8/2003,-0.4991,-0.4953
10/9/2003,-0.503,-0.5091
10/16/2003,-0.3145,-0.3363
10/17/2003,-0.4934,-0.4857
10/24/2003,-0.4994,-0.4969
10/25/2003,-0.4338,
11/1/2003,,
11/2/2003,-0.437,-0.3629
11/9/2003,-0.3645,-0.3205
11/10/2003,-0.4878,-0.4689
11/17/2003,-0.4754,-0.4693
11/18/2003,-0.491,-0.4611
11/25/2003,0.4459,0.4216
11/26/2003,0.0036,0.3108
12/3/2003,,
12/4/2003,-0.4255,-0.3604
12/11/2003,0.4275,0.4569
12/12/2003,0.4239,0.4462
12/19/2003,0.2895,0.3806
12/20/2003,,
12/27/2003,-0.0056,0.2463
12/28/2003,-0.0597,0.1916
1/4/2004,0.6248,0.5702
1/5/2004,0.6029,0.4859
1/12/2004,-0.0143,0.1399
1/13/2004,-0.4422,-0.0978
1/21/2004,0.6298,0.6407
1/28/2004,0.544,0.4173
1/29/2004,,
2/5/2004,0.6353,0.5783
2/6/2004,0.6663,0.6122
2/13/2004,,
2/14/2004,0.7061,0.5664
2/21/2004,,
2/22/2004,,
2/29/2004,0.5133,0.5278
3/1/2004,0.2243,0.4287
3/8/2004,0.0103,0.2887
3/9/2004,-0.2697,0.1133
3/16/2004,,
3/17/2004,-0.4671,-0.306
3/24/2004,,-0.2047
3/25/2004,-0.4674,-0.455
4/1/2004,-0.4306,-0.414
4/2/2004,,
4/17/2004,-0.4833,-0.4912
4/18/2004,-0.406,
4/25/2004,,
4/26/2004,-0.4042,-0.2884
5/3/2004,-0.469,-0.4813
5/4/2004,-0.448,-0.4194
5/11/2004,-0.4937,-0.4967
5/12/2004,,
5/19/2004,-0.2314,
5/20/2004,,
5/27/2004,-0.4962,-0.5022
5/28/2004,,
6/4/2004,,-0.3388
6/5/2004,-0.4737,-0.4693
6/12/2004,-0.0461,-0.2047
6/13/2004,-0.4598,
6/20/2004,-0.4785,-0.4834
6/21/2004,,
6/28/2004,-0.4712,-0.4745
6/29/2004,-0.4243,-0.1427
7/6/2004,-0.4899,-0.5121
7/7/2004,-0.4917,-0.5084
7/14/2004,-0.4867,-0.4951
7/15/2004,-0.4667,-0.4722
7/22/2004,-0.3891,-0.3928
7/30/2004,,-0.3292
7/31/2004,-0.4692,-0.4727
8/7/2004,,
8/8/2004,-0.4885,-0.5047
8/15/2004,-0.4967,-0.4972
8/16/2004,-0.4649,-0.4611
8/23/2004,-0.2694,
8/24/2004,-0.4205,-0.4665
8/31/2004,-0.4817,-0.4956
9/1/2004,-0.4838,-0.4946
9/8/2004,-0.4703,-0.4747
9/9/2004,-0.4808,-0.4964
9/16/2004,-0.5102,-0.5186
9/17/2004,-0.482,-0.4776
9/24/2004,-0.4805,-0.4657
9/25/2004,-0.4688,-0.4743
10/2/2004,-0.5042,-0.4973
10/3/2004,-0.4644,-0.4449
10/10/2004,-0.42,-0.435
10/11/2004,-0.3587,-0.3489
10/18/2004,-0.4759,-0.4987
10/26/2004,-0.4891,-0.466
10/27/2004,-0.2137,
11/3/2004,0.4291,0.4867
11/4/2004,,
11/11/2004,0.0536,0.6317
11/12/2004,,
11/19/2004,-0.4869,-0.2238
12/5/2004,0.4119,0.4253
12/6/2004,0.2817,0.4279
12/13/2004,-0.2582,
12/14/2004,-0.3048,
12/21/2004,-0.0657,0.1361
12/22/2004,0.5125,0.6187
12/30/2004,-0.3859,0.2933
1/6/2005,0.6199,0.5642
1/7/2005,0.5203,0.4817
1/14/2005,0.6304,0.5039
1/15/2005,0.617,0.4897
1/22/2005,-0.0131,0.1836
1/23/2005,-0.2292,0.0972
1/31/2005,0.5681,0.5546
2/7/2005,,
2/8/2005,0.0887,0.2403
2/15/2005,-0.0972,
2/16/2005,,
2/23/2005,,
2/24/2005,-0.3875,0.2983
3/3/2005,-0.1716,0.1484
3/4/2005,-0.4121,-0.1652
3/11/2005,-0.2863,-0.0144
3/12/2005,-0.3461,-0.1286
3/19/2005,,
3/20/2005,-0.1164,0.2475
3/27/2005,-0.3863,0.4458
3/28/2005,-0.2087,
4/4/2005,-0.3813,0.0023
4/12/2005,0.9459,0.7924
4/13/2005,0.7803,0.6674
4/20/2005,-0.4579,-0.4508
4/21/2005,-0.4821,-0.4826
4/28/2005,-0.2304,-0.182
5/6/2005,,
5/7/2005,-0.3794,-0.2202
5/14/2005,-0.1657,
5/15/2005,-0.4292,-0.4623
5/22/2005,-0.4678,-0.4947
5/23/2005,-0.4699,-0.4953
5/30/2005,-0.3283,-0.4375
5/31/2005,-0.4468,-0.4691
6/7/2005,-0.4712,-0.477
6/8/2005,-0.4779,-0.4902
6/15/2005,-0.4555,-0.4701
6/16/2005,-0.4556,-0.4491
6/23/2005,,
6/24/2005,-0.4721,-0.4758
7/1/2005,-0.4177,-0.4877
7/2/2005,-0.4478,-0.4529
7/9/2005,-0.3934,-0.4375
7/10/2005,-0.4664,-0.2751
7/17/2005,-0.4585,-0.4823
7/18/2005,-0.4537,-0.4534
7/26/2005,-0.3006,-0.4384
8/2/2005,-0.4932,-0.4958
8/3/2005,-0.4522,-0.4576
8/10/2005,-0.3473,-0.2266
8/11/2005,-0.3404,
8/18/2005,-0.4963,-0.5146
8/19/2005,,
8/26/2005,-0.4432,-0.4724
8/27/2005,-0.4811,-0.3967
9/3/2005,-0.4865,-0.4846
9/4/2005,-0.4648,-0.4653
9/11/2005,-0.4905,-0.4973
9/12/2005,-0.4978,-0.5053
9/19/2005,-0.5104,-0.5125
9/20/2005,-0.4353,-0.3666
9/27/2005,-0.4785,-0.4497
10/6/2005,-0.4696,-0.4313
10/13/2005,-0.2268,0.0917
10/14/2005,-0.4615,-0.3764
10/21/2005,-0.4248,-0.4288
10/22/2005,-0.476,-0.4469
10/29/2005,,0.0155
10/30/2005,-0.4557,-0.4557
11/6/2005,-0.3238,
11/7/2005,-0.437,-0.3936
11/14/2005,-0.378,-0.2141
11/15/2005,0.5756,0.5684
11/22/2005,-0.2435,-0.031
11/23/2005,-0.4378,-0.1801
12/1/2005,,
12/8/2005,0.6154,0.5504
12/17/2005,0.187,0.3925
12/24/2005,,
1/2/2006,-0.4269,-0.2427
1/9/2006,-0.4134,-0.2935
1/10/2006,-0.3678,-0.2239
1/17/2006,0.0155,0.2667
1/18/2006,-0.3846,-0.0768
1/25/2006,,
1/26/2006,0.6117,0.5606
2/3/2006,-0.3037,0.1189
2/10/2006,0.5143,0.6001
2/11/2006,0.5196,0.5062
2/18/2006,0.46,0.5439
2/19/2006,0.2338,0.3864
2/26/2006,-0.2656,-0.0372
2/27/2006,-0.3859,-0.1701
3/6/2006,-0.3538,-0.3446
3/7/2006,-0.4793,-0.4594
3/14/2006,-0.3877,0.31
3/23/2006,-0.235,0.1559
3/30/2006,-0.4826,-0.4992
3/31/2006,,
4/7/2006,,
4/8/2006,-0.4804,-0.4849
4/15/2006,,
4/16/2006,-0.4629,-0.4602
4/23/2006,-0.4691,-0.4812
4/24/2006,,
5/1/2006,-0.4809,-0.4898
5/2/2006,-0.4291,-0.4525
5/9/2006,-0.1755,-0.1229
5/10/2006,-0.4679,-0.2268
5/17/2006,-0.4425,-0.4638
5/18/2006,-0.4245,-0.4433
5/25/2006,-0.4335,-0.4211
5/26/2006,,
6/2/2006,-0.4807,-0.4498
6/3/2006,-0.3679,-0.4075
6/10/2006,,
6/11/2006,-0.4716,-0.4808
6/18/2006,-0.4957,-0.5178
6/19/2006,-0.4623,-0.4892
6/26/2006,-0.4219,-0.4348
6/27/2006,-0.4696,-0.4094
7/4/2006,-0.4796,-0.494
7/5/2006,-0.3661,-0.3447
7/12/2006,-0.2875,-0.3436
7/13/2006,-0.4863,-0.498
7/20/2006,-0.487,-0.5087
7/21/2006,-0.4459,-0.4081
7/28/2006,-0.2847,
7/29/2006,-0.4513,-0.514
8/6/2006,,
8/13/2006,-0.4354,-0.421
8/14/2006,-0.4695,-0.4964
8/21/2006,-0.4031,-0.3677
8/22/2006,-0.2488,-0.2374
8/29/2006,-0.4833,-0.5074
8/30/2006,-0.4892,-0.5075
9/6/2006,-0.3749,-0.347
9/7/2006,-0.4334,-0.39
9/14/2006,-0.4498,-0.4225
9/15/2006,-0.477,-0.4771
9/23/2006,,
9/30/2006,-0.5015,-0.4978
10/1/2006,,
10/16/2006,-0.4268,-0.3927
10/24/2006,,
10/25/2006,-0.2436,-0.2925
11/1/2006,0.2308,0.4271
11/2/2006,0.1391,0.3213
11/9/2006,-0.4777,-0.3797
11/10/2006,-0.4535,-0.379
11/17/2006,-0.4557,-0.3629
11/18/2006,-0.48,-0.3995
11/25/2006,-0.487,-0.4252
11/26/2006,-0.4492,-0.3938
12/3/2006,0.6892,0.6812
12/4/2006,0.6714,0.5542
12/11/2006,0.3387,0.4791
12/12/2006,,
12/19/2006,0.0063,0.206
12/27/2006,0.7313,0.5743
1/4/2007,0.7413,0.6003
1/12/2007,0.6655,0.5985
1/13/2007,0.574,0.5351
1/20/2007,,
1/21/2007,,
1/28/2007,0.7358,0.5474
1/29/2007,0.7302,0.5931
2/5/2007,0.722,0.5984
2/6/2007,0.8075,0.6436
2/13/2007,,
2/14/2007,0.5978,0.5592
2/21/2007,0.5637,0.6277
2/22/2007,0.535,0.6149
3/1/2007,0.8285,0.6291
3/2/2007,,
3/9/2007,0.355,0.4156
3/10/2007,,
3/17/2007,,
3/18/2007,-0.2259,-0.0597
3/25/2007,-0.3998,-0.047
3/26/2007,-0.464,-0.3477
4/2/2007,-0.3705,-0.4504
4/3/2007,-0.4781,-0.4625
4/11/2007,-0.489,-0.4607
4/18/2007,-0.4938,-0.4928
4/19/2007,-0.4764,-0.4874
4/26/2007,0.7542,0.7426
4/27/2007,0.0316,0.6618
5/5/2007,-0.414,
5/12/2007,-0.4639,-0.4757
5/13/2007,-0.4266,-0.426
5/20/2007,-0.4429,-0.3795
5/21/2007,-0.1682,
5/28/2007,,-0.361
5/29/2007,-0.4691,-0.4054
6/5/2007,,
6/13/2007,,
6/14/2007,-0.4082,-0.339
6/21/2007,-0.2705,-0.4462
6/22/2007,,-0.3765
6/29/2007,-0.4658,-0.4769
6/30/2007,-0.4822,-0.4886
7/7/2007,-0.4947,-0.5053
7/8/2007,-0.4144,-0.3601
7/15/2007,-0.4599,-0.4319
7/16/2007,-0.4917,-0.4878
7/23/2007,-0.4223,-0.4983
7/24/2007,-0.4666,-0.4459
7/31/2007,-0.4367,-0.4385
8/1/2007,-0.4858,-0.4427
8/8/2007,-0.5116,-0.529
8/9/2007,-0.4754,-0.4906
8/16/2007,-0.4862,-0.4723
8/17/2007,-0.4289,-0.5081
8/24/2007,-0.5004,-0.4795
8/25/2007,-0.4833,-0.4947
9/1/2007,-0.3675,-0.4455
9/2/2007,-0.5036,-0.5052
9/9/2007,-0.3927,-0.435
9/17/2007,,
9/18/2007,-0.5062,-0.4901
9/25/2007,-0.5354,-0.5282
9/26/2007,-0.5014,-0.4848
10/3/2007,-0.5146,-0.5004
10/4/2007,-0.5208,-0.4983
10/11/2007,-0.528,-0.5066
10/20/2007,-0.5198,-0.4893
10/27/2007,-0.4547,-0.4069
11/5/2007,-0.5118,-0.4705
11/12/2007,,
11/21/2007,0.63,0.6325
11/28/2007,0.0942,
12/14/2007,0.3915,0.4974
12/23/2007,0.5101,0.4363
12/30/2007,0.6382,0.5153
1/8/2008,0.6302,0.6342
1/15/2008,,
1/24/2008,0.5084,0.5012
1/31/2008,0.5664,0.5169
2/1/2008,0.3181,0.4203
2/8/2008,0.4846,0.4808
2/9/2008,0.4476,0.5361
2/16/2008,0.1632,0.4344
2/25/2008,,
3/3/2008,0.8034,0.6047
3/4/2008,0.6332,0.5832
3/11/2008,0.0664,0.4525
3/12/2008,,
3/19/2008,-0.1195,0.3262
3/20/2008,-0.3349,0.1257
3/27/2008,-0.2199,-0.0517
3/28/2008,-0.4155,-0.1381
4/4/2008,-0.4935,-0.4136
4/5/2008,-0.2194,-0.2474
4/12/2008,0.0123,0.3541
4/13/2008,-0.4726,-0.3369
4/20/2008,-0.5016,-0.5027
4/21/2008,-0.4695,-0.4597
4/28/2008,,
4/29/2008,,
5/6/2008,-0.3837,-0.4336
5/7/2008,-0.34,
5/14/2008,-0.2982,-0.2846
5/15/2008,,
5/22/2008,,
5/23/2008,-0.4106,-0.431
5/30/2008,-0.4792,-0.4952
5/31/2008,-0.4806,-0.492
6/7/2008,-0.5001,-0.5213
6/8/2008,-0.3861,
6/15/2008,-0.4725,-0.4822
6/16/2008,,
6/23/2008,-0.1996,
6/24/2008,-0.4615,-0.4669
7/1/2008,,
7/2/2008,-0.4825,-0.4887
7/9/2008,-0.504,-0.5089
7/10/2008,-0.4369,-0.4468
7/17/2008,-0.3683,
7/18/2008,-0.4856,-0.493
7/25/2008,-0.4945,-0.4777
7/26/2008,,
8/2/2008,-0.4219,-0.4477
8/3/2008,-0.4827,-0.4397
8/11/2008,-0.4652,-0.4673
8/18/2008,-0.4469,-0.4402
8/19/2008,-0.4821,-0.4865
8/26/2008,-0.5059,-0.5049
8/27/2008,-0.4687,-0.4697
9/3/2008,-0.4836,-0.4841
9/4/2008,-0.5008,-0.5016
9/11/2008,-0.4864,-0.478
9/19/2008,-0.4473,-0.4172
9/20/2008,-0.4912,-0.4789
9/27/2008,-0.5351,-0.5293
9/28/2008,-0.4544,-0.4302
10/5/2008,,
10/6/2008,-0.4993,-0.4851
10/13/2008,-0.2956,
10/21/2008,,
10/22/2008,0.5505,0.5395
10/29/2008,-0.5148,-0.4921
10/30/2008,-0.4462,-0.4091
11/6/2008,-0.4612,-0.4149
11/7/2008,-0.4897,-0.4529
11/14/2008,0.4257,
11/15/2008,-0.4043,-0.3248
11/22/2008,-0.4717,-0.4287
11/23/2008,-0.4958,-0.4216
11/30/2008,,
12/9/2008,0.4792,0.4245
12/16/2008,,
12/25/2008,-0.2064,0.5304
1/1/2009,-0.1173,
1/9/2009,,
1/10/2009,,0.5113
1/17/2009,0.1531,0.3891
1/18/2009,-0.2591,0.3654
1/25/2009,-0.2874,0.2789
1/26/2009,,
2/2/2009,-0.1886,0.0392
2/3/2009,-0.4364,-0.2508
2/10/2009,,
2/11/2009,-0.3694,
2/18/2009,-0.3296,-0.0555
2/19/2009,-0.4472,-0.2821
2/26/2009,-0.4729,-0.3063
2/27/2009,-0.4506,-0.3346
3/6/2009,-0.4928,-0.4649
3/7/2009,-0.4494,0.2441
3/14/2009,-0.5062,-0.4951
3/15/2009,-0.4837,-0.4627
3/22/2009,-0.5018,-0.4967
3/23/2009,,
3/30/2009,-0.3843,-0.1183
3/31/2009,-0.4204,-0.1616
4/7/2009,-0.4564,-0.2597
4/8/2009,-0.5004,-0.4352
4/15/2009,-0.4975,-0.5034
4/16/2009,,
4/23/2009,-0.4597,-0.4073
4/24/2009,-0.3908,-0.3512
5/1/2009,-0.3498,-0.2816
5/9/2009,,-0.2674
5/10/2009,,
5/17/2009,-0.4788,-0.4964
5/18/2009,-0.4455,-0.4503
5/25/2009,,
6/2/2009,,
6/3/2009,-0.3924,-0.4689
6/10/2009,,
6/18/2009,-0.4389,-0.4189
6/19/2009,-0.4892,-0.5007
6/27/2009,-0.4696,-0.4847
7/4/2009,-0.4332,-0.3554
7/5/2009,-0.4396,-0.477
7/12/2009,-0.3283,-0.4145
7/13/2009,-0.4697,-0.4842
7/20/2009,,
7/21/2009,-0.4616,-0.4703
7/28/2009,-0.4562,-0.3739
7/29/2009,-0.2419,
8/5/2009,-0.4837,-0.4938
8/6/2009,-0.2913,-0.4804
8/13/2009,-0.4103,-0.4266
8/21/2009,-0.4848,-0.4966
8/29/2009,-0.3879,-0.28
8/30/2009,-0.3885,-0.346
9/7/2009,-0.4997,-0.4679
9/14/2009,-0.5057,-0.4907
9/15/2009,-0.4905,-0.4736
9/22/2009,-0.393,-0.2127
9/30/2009,-0.5074,-0.4853
10/1/2009,-0.5135,-0.4766
10/8/2009,,
10/9/2009,-0.4351,-0.4372
10/16/2009,-0.523,-0.5049
10/17/2009,-0.5231,-0.49
10/24/2009,0.1398,0.3245
10/25/2009,,
11/1/2009,0.4136,0.385
11/2/2009,-0.2086,0.0513
11/9/2009,,
11/10/2009,-0.4632,-0.3637
11/17/2009,0.7644,0.641
11/18/2009,0.7028,0.5713
11/25/2009,,0.2625
11/26/2009,-0.3008,0.147
12/3/2009,0.4976,0.6283
12/4/2009,0.2574,0.4684
12/11/2009,0.5311,0.4862
12/12/2009,0.4562,0.4978
12/19/2009,0.0546,0.3463
12/28/2009,0.6005,0.523
1/4/2010,0.1904,0.3541
1/12/2010,0.0267,0.2596
1/13/2010,-0.3281,
1/20/2010,,
1/21/2010,,
1/28/2010,0.5954,0.5305
1/29/2010,0.6105,0.5854
2/5/2010,,0.5544
2/6/2010,,
2/13/2010,0.7221,
2/14/2010,0.2472,0.5154
2/22/2010,,
3/1/2010,0.3691,
3/2/2010,0.0496,0.5965
3/9/2010,-0.0254,0.3989
3/10/2010,0.1896,0.512
3/17/2010,-0.1158,0.3345
3/18/2010,-0.2743,0.2002
3/25/2010,0.8052,0.6121
3/26/2010,0.7475,0.6561
4/2/2010,,
4/3/2010,-0.3253,-0.206
4/10/2010,-0.4809,-0.2368
4/11/2010,,
4/18/2010,,
4/19/2010,,-0.4281
4/26/2010,-0.1518,0.2604
4/27/2010,-0.4722,-0.4335
5/4/2010,-0.4667,-0.4725
5/5/2010,-0.4543,-0.4073
5/12/2010,-0.3796,-0.2288
5/20/2010,-0.498,-0.4912
5/21/2010,-0.4735,-0.4919
5/28/2010,-0.4921,-0.4931
5/29/2010,-0.413,-0.4895
6/5/2010,-0.2704,
6/6/2010,-0.4809,-0.4823
6/13/2010,-0.052,-0.3105
6/14/2010,-0.3852,-0.3798
6/21/2010,-0.4792,-0.4784
6/22/2010,,-0.3105
6/29/2010,-0.5015,-0.453
6/30/2010,-0.463,-0.4682
7/7/2010,-0.4292,-0.4185
7/8/2010,-0.4794,-0.4705
7/15/2010,-0.5064,-0.5227
7/16/2010,-0.4768,-0.4881
7/23/2010,,
7/24/2010,-0.3125,-0.3818
7/31/2010,-0.5055,-0.4902
8/1/2010,-0.3369,
8/8/2010,-0.4289,-0.4587
8/9/2010,-0.4094,-0.3979
8/16/2010,,
8/17/2010,-0.4812,-0.4929
8/24/2010,-0.4613,
8/25/2010,-0.4988,-0.5028
9/1/2010,-0.5132,-0.5236
9/2/2010,-0.5054,-0.5112
9/9/2010,-0.5294,-0.536
9/10/2010,-0.5004,-0.491
9/17/2010,-0.5134,-0.5135
9/18/2010,-0.5128,-0.5047
9/25/2010,-0.5406,-0.5376
9/26/2010,-0.5091,-0.5012
10/3/2010,-0.5028,-0.4768
10/4/2010,,
10/11/2010,-0.5059,-0.4714
10/19/2010,-0.4942,-0.4559
10/20/2010,-0.536,-0.5161
10/28/2010,-0.5045,-0.4566
11/4/2010,-0.4533,-0.4309
11/5/2010,-0.5172,-0.4196
11/12/2010,-0.2946,-0.2476
11/13/2010,-0.393,-0.3854
11/20/2010,-0.5051,-0.4573
11/21/2010,-0.3896,-0.4136
11/28/2010,-0.5311,-0.4735
12/6/2010,,
12/7/2010,-0.4405,-0.3723
12/14/2010,-0.4869,-0.3957
12/15/2010,,
12/22/2010,,
12/23/2010,-0.5167,-0.3289
12/30/2010,,
12/31/2010,,
1/7/2011,0.4868,0.5327
1/8/2011,0.3602,0.4402
1/15/2011,0.4791,
1/23/2011,0.1417,0.3876
1/24/2011,,
1/31/2011,,
2/1/2011,0.5058,0.4864
2/9/2011,0.6042,0.5993
2/16/2011,0.1162,0.4323
2/17/2011,-0.1199,0.447
2/24/2011,-0.1699,0.6641
2/25/2011,,
3/4/2011,,
3/5/2011,,
3/12/2011,-0.4669,-0.2089
3/13/2011,-0.4667,-0.276
3/20/2011,,
3/21/2011,-0.4825,-0.4493
3/28/2011,-0.2341,-0.4146
3/29/2011,-0.4746,-0.2511
4/5/2011,-0.5065,-0.514
4/6/2011,,
4/13/2011,-0.4552,-0.4517
4/14/2011,,
4/21/2011,-0.4696,-0.4866
4/22/2011,-0.4708,-0.4515
4/29/2011,-0.4708,-0.4653
4/30/2011,-0.4564,-0.4503
5/7/2011,-0.4541,-0.4607
5/8/2011,-0.4697,-0.4719
5/15/2011,,
5/16/2011,-0.4543,-0.4586
5/23/2011,-0.4426,-0.2377
5/31/2011,-0.49,-0.5017
6/1/2011,,
6/8/2011,-0.4578,-0.4818
6/9/2011,-0.4681,-0.4766
6/16/2011,-0.4532,-0.3794
6/17/2011,,
6/24/2011,-0.4659,-0.3813
6/25/2011,-0.4845,-0.4927
7/2/2011,-0.4911,-0.4972
7/3/2011,-0.4312,-0.2853
7/10/2011,,
7/11/2011,-0.4856,-0.4599
7/18/2011,-0.499,-0.4798
7/19/2011,-0.5078,-0.5151
7/26/2011,-0.4536,-0.4456
7/27/2011,-0.4925,-0.4704
8/3/2011,-0.4946,-0.5011
8/4/2011,-0.4279,-0.3853
8/11/2011,-0.518,-0.5297
8/12/2011,-0.4972,-0.5058
8/19/2011,,
8/20/2011,-0.5171,-0.5304
8/27/2011,-0.5152,-0.531
8/28/2011,-0.4953,-0.4951
9/4/2011,-0.5152,-0.5121
9/5/2011,-0.4173,-0.4964
9/12/2011,-0.5053,-0.4917
9/20/2011,-0.5098,-0.4472
9/21/2011,-0.5131,-0.5063
9/28/2011,-0.52,-0.512
9/29/2011,-0.4936,-0.4663
10/6/2011,,
10/7/2011,-0.5199,-0.4899
10/14/2011,-0.5291,-0.5141
10/15/2011,-0.394,-0.2546
10/22/2011,-0.511,-0.4786
10/23/2011,-0.5085,-0.4724
10/30/2011,-0.4407,0.0402
10/31/2011,-0.4835,-0.2886
11/7/2011,-0.1055,0.403
11/15/2011,-0.3942,-0.1744
11/16/2011,-0.4463,-0.2173
11/23/2011,-0.479,-0.3107
12/2/2011,0.5675,0.5078
12/9/2011,0.4157,0.4393
12/18/2011,-0.0443,0.3375
12/25/2011,0.7691,0.5857
1/3/2012,,
1/10/2012,0.0986,0.2418
1/19/2012,-0.0322,0.1266
1/26/2012,-0.2713,0.02
2/4/2012,0.6155,0.7467
2/11/2012,0.5976,0.5306
2/20/2012,0.0498,0.297
2/27/2012,-0.2246,0.1925
3/7/2012,-0.2863,-0.0942
3/14/2012,-0.3064,-0.1961
3/23/2012,-0.4861,-0.446
3/30/2012,-0.4851,-0.4691
4/8/2012,-0.4712,-0.4765
4/15/2012,0.9333,0.8613
4/24/2012,-0.4203,-0.4656
5/1/2012,-0.3486,-0.3515
5/10/2012,-0.4766,-0.4832
5/17/2012,,
5/26/2012,-0.4769,-0.4721
6/2/2012,-0.4825,-0.4816
6/11/2012,-0.4701,-0.4693
6/18/2012,-0.4933,-0.497
6/27/2012,,
7/4/2012,-0.4868,-0.4571
7/13/2012,-0.4968,-0.4938
7/20/2012,-0.5106,-0.5151
7/29/2012,-0.3992,-0.4877
8/5/2012,-0.5118,-0.5232
8/21/2012,-0.4917,-0.4772
8/30/2012,-0.4934,-0.4894
9/6/2012,-0.4893,-0.5236
9/15/2012,-0.4836,-0.4687
9/22/2012,-0.4822,-0.4526
10/1/2012,-0.4601,-0.4238
10/8/2012,-0.5212,-0.513
10/17/2012,-0.5096,-0.4875
10/24/2012,-0.513,-0.5011
11/2/2012,,
11/9/2012,-0.514,-0.4879
11/18/2012,-0.4914,-0.4466
11/25/2012,-0.474,-0.4053
12/4/2012,,
12/11/2012,0.7016,0.5588
12/20/2012,0.6458,0.5318
12/27/2012,0.5272,0.4736
1/5/2013,0.7028,0.5438
1/12/2013,0.232,0.4143
1/21/2013,-0.2279,0.2094
1/28/2013,,
2/6/2013,-0.3882,-0.2886
2/13/2013,,
2/22/2013,0.6997,0.5648
3/1/2013,0.5974,0.6096
3/10/2013,0.6908,0.5731
3/17/2013,-0.4526,-0.2262
3/18/2013,-0.4934,-0.4451
3/26/2013,0.3137,0.3715
4/2/2013,,
4/5/2013,,-0.4805
4/11/2013,-0.3228,-0.2524
4/18/2013,0.5424,0.55
4/19/2013,-0.4709,-0.1232
4/27/2013,-0.4691,-0.4793
5/4/2013,-0.4279,-0.4409
5/5/2013,,
5/12/2013,-0.4421,-0.53
5/13/2013,-0.3028,-0.2946
5/20/2013,-0.3438,-0.2862
5/21/2013,-0.4631,-0.4848
5/28/2013,-0.2059,-0.2039
5/29/2013,-0.4629,-0.2582
6/5/2013,-0.4616,-0.338
6/6/2013,-0.504,-0.5386
6/13/2013,-0.3236,-0.3384
6/14/2013,-0.4234,-0.3099
6/21/2013,-0.494,-0.5054
6/22/2013,-0.5023,-0.5065
6/29/2013,,
6/30/2013,,-0.4476
7/7/2013,-0.3476,-0.2778
7/8/2013,-0.4886,-0.4488
7/15/2013,,
7/16/2013,-0.486,-0.4917
7/23/2013,-0.5026,-0.5287
7/24/2013,,
7/31/2013,-0.5271,-0.5538
8/1/2013,,
8/8/2013,-0.4212,-0.2797
8/9/2013,-0.5049,-0.5314
8/16/2013,-0.5221,-0.5044
8/17/2013,,
8/24/2013,-0.496,-0.5104
8/25/2013,-0.5144,-0.5425
9/1/2013,-0.4025,-0.4556
9/2/2013,-0.4948,-0.5151
9/9/2013,-0.4441,-0.497
9/10/2013,,
9/17/2013,-0.5339,-0.562
9/18/2013,-0.3678,-0.4099
9/25/2013,-0.5272,-0.5365
9/26/2013,-0.5331,-0.5527
10/3/2013,-0.5373,-0.5547
10/4/2013,-0.4749,-0.4436
10/11/2013,,0.0126
10/12/2013,-0.5324,-0.5403
10/19/2013,-0.5253,-0.4546
10/20/2013,-0.2773,
10/27/2013,-0.526,-0.5031
10/28/2013,-0.4777,-0.244
11/4/2013,-0.489,-0.5151
11/5/2013,,
11/12/2013,-0.5177,-0.4861
11/13/2013,-0.5284,-0.5364
11/20/2013,-0.5363,-0.5546
11/28/2013,-0.4266,-0.0474
11/29/2013,-0.5209,-0.382
12/6/2013,0.7734,0.6259
12/7/2013,0.6629,0.5055
12/14/2013,0.2363,0.2086
12/15/2013,0.0617,0.0241
12/22/2013,0.6806,0.2629
12/23/2013,0.1283,0.2162
12/30/2013,0.3852,0.4237
12/31/2013,-0.2182,0.1964
1/7/2014,,
1/8/2014,0.7334,0.5632
1/15/2014,,
1/16/2014,,
1/23/2014,0.602,0.5755
1/24/2014,0.0087,0.2452
2/1/2014,,0.642
2/8/2014,0.741,0.607
2/9/2014,0.5838,0.6257
2/16/2014,,
2/17/2014,-0.313,0.2144
2/24/2014,-0.3506,0.0104
2/25/2014,-0.3717,-0.0074
3/4/2014,-0.3563,-0.0704
3/5/2014,0.6258,0.5638
3/12/2014,0.6195,0.5962
3/13/2014,-0.2014,0.1012
3/20/2014,-0.4683,-0.1916
3/21/2014,-0.4849,
3/28/2014,-0.4985,-0.2549
3/29/2014,-0.4554,-0.341
4/5/2014,,
4/6/2014,-0.2151,-0.0214
4/14/2014,0.6339,0.6537
4/21/2014,-0.4707,-0.3437
4/22/2014,-0.4624,-0.4673
4/30/2014,-0.3495,-0.4442
5/7/2014,-0.3318,-0.4764
5/8/2014,,-0.4756
5/15/2014,-0.4033,
5/16/2014,-0.3969,-0.3355
5/23/2014,,
5/24/2014,-0.2112,-0.2146
5/31/2014,-0.5177,-0.5452
6/1/2014,-0.4853,-0.5033
6/9/2014,-0.5061,-0.5328
6/16/2014,-0.5056,-0.5301
6/17/2014,-0.4868,-0.4922
6/24/2014,-0.4085,-0.4992
6/25/2014,-0.5046,-0.5357
7/2/2014,-0.4934,-0.5178
7/3/2014,-0.4942,-0.5038
7/10/2014,-0.4818,-0.2361
7/11/2014,,
7/18/2014,,
7/19/2014,-0.4855,-0.465
7/26/2014,-0.4577,-0.3808
7/27/2014,-0.5221,-0.543
8/3/2014,-0.5241,-0.5515
8/4/2014,-0.4335,-0.284
8/11/2014,-0.5191,-0.4955
8/12/2014,-0.5222,-0.5374
8/19/2014,-0.5226,-0.5111
8/20/2014,-0.3604,-0.2606
8/27/2014,-0.3652,-0.511
8/28/2014,-0.371,
9/4/2014,-0.382,-0.4278
9/5/2014,-0.4652,-0.4736
9/12/2014,-0.4409,-0.3997
9/13/2014,-0.5296,-0.5488
9/20/2014,-0.5354,-0.5534
9/21/2014,,-0.0983
9/29/2014,-0.4971,-0.5597
10/6/2014,-0.3458,
10/7/2014,-0.4869,-0.3447
10/14/2014,-0.5299,-0.5125
10/15/2014,,
10/22/2014,,
10/23/2014,,
10/30/2014,-0.5224,-0.4928
10/31/2014,-0.5306,-0.5256
11/7/2014,,
11/8/2014,-0.5166,-0.481
11/15/2014,-0.2696,-0.1562
11/16/2014,0.6379,0.4963
11/23/2014,-0.3822,
11/24/2014,,
12/1/2014,-0.5078,-0.4422
12/2/2014,-0.4131,-0.465
12/9/2014,,
12/10/2014,-0.4991,-0.4321
12/17/2014,,
12/18/2014,-0.2621,
12/25/2014,-0.2433,-0.0411
1/2/2015,0.7377,0.7221
1/3/2015,,
1/10/2015,-0.1264,-0.2384
1/11/2015,,
1/18/2015,-0.2014,0.1241
1/19/2015,-0.3251,-0.1122
1/26/2015,-0.0442,0.085
1/27/2015,-0.2929,-0.1443
2/3/2015,-0.3369,0.0044
2/4/2015,,
2/12/2015,,
2/19/2015,-0.3907,-0.0228
2/20/2015,-0.4989,-0.3818
2/27/2015,0.7963,0.7722
2/28/2015,,
3/7/2015,0.1723,0.4641
3/8/2015,-0.0698,0.2796
3/15/2015,-0.4965,-0.3514
3/16/2015,-0.4856,-0.3831
3/23/2015,-0.4893,-0.4367
3/24/2015,-0.5103,-0.4608
3/31/2015,-0.5162,-0.5446
4/1/2015,-0.2302,
4/8/2015,-0.404,-0.4755
4/9/2015,-0.5019,-0.5295
4/16/2015,0.6177,0.6023
4/17/2015,0.8623,0.772
4/25/2015,-0.4632,-0.4954
5/2/2015,-0.4601,-0.4958
5/3/2015,,-0.438
5/10/2015,,
5/11/2015,0.0376,0.7825
5/18/2015,,
5/26/2015,-0.1284,
5/27/2015,-0.4641,
6/3/2015,-0.4404,-0.4598
6/4/2015,-0.4929,-0.5053
6/11/2015,,
6/12/2015,,
6/19/2015,-0.5214,-0.5356
6/20/2015,-0.4938,-0.491
6/27/2015,-0.5126,-0.5181
6/28/2015,-0.5097,-0.5054
7/5/2015,,
7/6/2015,,
7/13/2015,-0.3543,-0.42
7/14/2015,-0.4523,-0.5234
7/21/2015,-0.5169,-0.4858
7/22/2015,-0.4857,-0.4998
7/29/2015,-0.5056,-0.4791
7/30/2015,-0.5212,-0.5395
8/6/2015,-0.5281,-0.549
8/7/2015,-0.353,
8/14/2015,-0.5148,-0.5159
8/15/2015,-0.5241,-0.5401
8/22/2015,-0.5265,-0.5358
8/23/2015,-0.485,-0.4014
8/30/2015,-0.5175,-0.5051
8/31/2015,-0.3922,-0.3573
9/7/2015,,
9/8/2015,-0.1521,
9/15/2015,-0.5187,-0.3872
9/16/2015,-0.5293,-0.5348
9/23/2015,-0.542,-0.5534
9/24/2015,-0.5073,-0.4926
10/1/2015,,-0.1853
10/2/2015,-0.53,-0.5381
10/9/2015,-0.4205,-0.486
10/10/2015,-0.5133,-0.4766
10/17/2015,-0.5046,-0.4739
10/18/2015,-0.4981,-0.5273
10/25/2015,-0.5403,-0.5447
10/26/2015,0.0668,
11/2/2015,-0.5275,-0.4982
11/3/2015,-0.5325,-0.5348
11/10/2015,-0.5361,-0.5422
11/11/2015,0.6751,0.6434
11/18/2015,0.7643,0.6015
11/19/2015,0.7662,0.5887
11/26/2015,,
11/27/2015,0.6649,0.6015
12/4/2015,0.3162,0.4586
12/5/2015,,
12/13/2015,,
12/20/2015,0.3159,0.5039
12/21/2015,0.373,0.3681
12/28/2015,0.6526,0.2258
12/29/2015,0.4972,0.458
1/5/2016,0.2649,0.4746
1/6/2016,0.4519,0.4176
1/13/2016,0.4715,0.3923
1/14/2016,0.4355,0.5276
1/21/2016,0.2022,0.4506
1/22/2016,-0.1143,0.3333
1/29/2016,0.0857,0.2937
1/30/2016,-0.2272,
2/6/2016,,
2/7/2016,0.8069,0.6655
2/14/2016,0.6149,
2/15/2016,,
2/22/2016,,
3/1/2016,-0.3653,-0.0495
3/2/2016,,
3/9/2016,-0.3518,-0.1238
3/10/2016,-0.5015,-0.4004
3/17/2016,-0.5107,-0.3799
3/18/2016,,
4/2/2016,-0.0895,0.4087
4/3/2016,-0.4346,-0.3192
4/10/2016,,
4/11/2016,-0.4804,-0.4707
4/18/2016,,
4/19/2016,,
4/26/2016,0.0101,
4/27/2016,-0.4731,-0.4159
5/4/2016,-0.5175,-0.5173
5/5/2016,-0.4812,-0.4903
5/12/2016,-0.5071,-0.5187
5/13/2016,-0.5036,-0.5144
5/20/2016,-0.3254,
5/21/2016,-0.4529,-0.4519
5/28/2016,-0.3781,-0.3934
5/29/2016,-0.5029,-0.5447
6/5/2016,-0.5133,-0.4531
6/13/2016,-0.4949,-0.4912
6/14/2016,-0.5183,-0.5311
6/21/2016,-0.4084,-0.4618
6/22/2016,-0.4924,-0.4813
6/29/2016,,
6/30/2016,-0.3849,
7/7/2016,-0.5295,-0.5375
7/8/2016,-0.4993,-0.4982
7/15/2016,,-0.4193
7/16/2016,-0.5208,-0.5411
7/23/2016,-0.5207,-0.5569
7/24/2016,-0.5014,-0.4256
7/31/2016,-0.4037,-0.4228
8/1/2016,-0.5223,-0.5088
8/8/2016,-0.4278,-0.5133
8/9/2016,-0.5132,-0.5098
8/16/2016,-0.4155,-0.4617
8/17/2016,-0.4907,-0.4056
8/24/2016,,
8/25/2016,-0.5039,-0.4813
9/1/2016,-0.5107,-0.4838
9/2/2016,,
9/9/2016,-0.5366,-0.5527
9/10/2016,-0.5169,-0.501
9/17/2016,-0.5241,-0.4842
9/18/2016,-0.5339,-0.5439
9/25/2016,-0.5381,-0.5354
9/26/2016,-0.517,-0.4924
10/3/2016,-0.5206,-0.4883
10/4/2016,-0.5289,-0.5293
10/11/2016,-0.5287,-0.5406
10/12/2016,-0.4286,-0.3391
10/19/2016,-0.5117,-0.4731
10/20/2016,-0.5276,-0.5326
10/27/2016,-0.5382,-0.5477
10/28/2016,,
11/4/2016,-0.4813,-0.4304
11/5/2016,,
11/12/2016,-0.5323,-0.5369
11/13/2016,,
11/20/2016,-0.297,-0.1301
11/21/2016,-0.4987,-0.4825
11/28/2016,-0.4595,-0.2066
11/29/2016,-0.3003,0.0341
12/6/2016,-0.4675,-0.1173
12/7/2016,0.6671,0.6528
12/14/2016,-0.3964,-0.185
12/15/2016,,
12/23/2016,0.0607,0.225
12/30/2016,-0.2901,-0.0379
12/31/2016,-0.2646,0.1283
1/7/2017,0.6154,0.5573
1/8/2017,,
1/15/2017,,
1/23/2017,-0.0811,0.1958
1/24/2017,,
1/31/2017,-0.2907,-0.182
2/1/2017,-0.404,-0.013
2/9/2017,,
2/16/2017,-0.4715,-0.3921
2/17/2017,-0.3145,
2/24/2017,,
2/25/2017,-0.2278,-0.0024
3/4/2017,-0.5064,-0.5251
3/5/2017,,
3/13/2017,,
3/20/2017,-0.3656,
3/21/2017,-0.4288,-0.3731
3/28/2017,-0.3653,-0.213
3/29/2017,,
4/5/2017,0.6726,0.7101
4/6/2017,-0.3699,-0.2194
4/13/2017,-0.4756,-0.4708
4/14/2017,-0.4984,-0.5208
4/21/2017,-0.4787,
4/30/2017,0.6629,0.7081
5/7/2017,,
5/8/2017,,
5/15/2017,-0.4727,-0.4987
5/16/2017,-0.5037,-0.5285
5/23/2017,-0.478,-0.4812
5/24/2017,-0.4833,-0.4935
5/31/2017,-0.3867,-0.1351
6/1/2017,,
6/8/2017,,
6/9/2017,,
6/16/2017,-0.4909,-0.4849
6/17/2017,-0.318,
6/24/2017,-0.5236,-0.5409
6/25/2017,-0.4834,-0.4541
7/2/2017,,-0.2627
7/3/2017,,
7/10/2017,-0.5219,-0.4558
7/11/2017,-0.3658,-0.3833
7/18/2017,,-0.388
7/19/2017,-0.5266,-0.5478
7/26/2017,,-0.5593
7/27/2017,-0.4959,-0.4938
8/3/2017,,
8/4/2017,-0.5304,-0.5374
8/11/2017,-0.3229,
8/12/2017,-0.4761,-0.4927
8/19/2017,-0.522,-0.4111
8/20/2017,-0.5048,-0.3472
8/27/2017,-0.5354,-0.5484
8/28/2017,-0.5112,-0.4998
9/4/2017,-0.4027,-0.4528
9/5/2017,-0.506,-0.4963
9/12/2017,-0.5448,-0.5557
9/20/2017,-0.5295,-0.5155
9/21/2017,-0.537,-0.5427
9/28/2017,,
9/29/2017,-0.4642,-0.3434
10/6/2017,-0.4988,-0.2667
10/7/2017,-0.537,-0.5381
10/14/2017,-0.5389,-0.5421
10/15/2017,-0.5222,-0.4842
10/22/2017,-0.4007,-0.377
10/23/2017,-0.5311,
10/30/2017,,
10/31/2017,-0.4908,-0.4111
11/7/2017,-0.3066,
11/8/2017,-0.3144,-0.048
11/15/2017,-0.4999,-0.4576
11/16/2017,,
11/23/2017,,
11/24/2017,,
12/1/2017,-0.5349,-0.5373
12/2/2017,-0.4987,-0.4385
12/9/2017,-0.5142,-0.4361
12/10/2017,-0.5266,-0.5133
12/17/2017,-0.3807,-0.216
12/18/2017,-0.4537,-0.2554
12/25/2017,-0.455,-0.0698
12/26/2017,-0.5054,-0.4779
1/2/2018,-0.5314,-0.5431
1/3/2018,-0.4545,-0.3456
1/10/2018,,
1/11/2018,-0.3502,-0.3275
1/18/2018,-0.4701,
1/19/2018,,
1/26/2018,,
1/27/2018,,
2/3/2018,,
2/4/2018,-0.4636,-0.3625
2/11/2018,0.7797,0.6918
2/12/2018,,
2/19/2018,-0.3633,-0.4454
2/20/2018,0.6174,0.6074
2/27/2018,-0.41,-0.0039
2/28/2018,-0.4721,-0.2558
3/7/2018,-0.5144,-0.5109
3/8/2018,-0.4859,-0.4366
3/15/2018,-0.0918,
3/16/2018,-0.4957,-0.5203
3/23/2018,,
3/24/2018,-0.462,-0.3804
3/31/2018,-0.4215,-0.4369
4/1/2018,-0.4837,-0.5107
4/8/2018,-0.518,-0.5445
4/9/2018,-0.4545,-0.4592
4/16/2018,-0.4358,-0.4462
4/17/2018,-0.4968,-0.5179
4/24/2018,,
4/25/2018,-0.4207,-0.1425
5/2/2018,-0.2497,-0.3331
5/3/2018,,
5/11/2018,-0.4423,-0.4688
5/18/2018,-0.4789,-0.4721
5/19/2018,,
5/26/2018,-0.2021,-0.195
5/27/2018,-0.4052,-0.4758
6/3/2018,,
6/4/2018,-0.4994,-0.401
6/11/2018,-0.5092,-0.5361
6/12/2018,-0.4618,-0.4458
6/19/2018,-0.4459,-0.4437
6/20/2018,-0.4951,-0.5267
6/27/2018,-0.5259,-0.4823
6/28/2018,-0.4543,-0.5086
7/5/2018,-0.3975,-0.211
7/6/2018,-0.5223,-0.55
7/13/2018,-0.4335,-0.4422
7/14/2018,-0.4952,-0.4405
7/21/2018,-0.501,-0.4624
7/22/2018,-0.4782,
7/29/2018,-0.5239,-0.5428
7/30/2018,-0.4933,-0.4622
8/6/2018,-0.5026,-0.4933
8/7/2018,-0.525,-0.5451
8/14/2018,-0.525,-0.5348
8/15/2018,,
8/22/2018,-0.3674,
8/23/2018,-0.4841,-0.5292
8/30/2018,-0.5364,-0.566
9/7/2018,-0.5199,-0.5325
9/8/2018,-0.5293,-0.5538
9/15/2018,-0.5345,-0.5619
9/16/2018,-0.5041,-0.5012
9/23/2018,-0.52,-0.5225
9/24/2018,,
10/1/2018,-0.4147,-0.3006
10/2/2018,,
10/17/2018,,
10/18/2018,-0.4586,-0.4278
10/25/2018,-0.4842,-0.376
10/26/2018,-0.5247,-0.543
11/2/2018,-0.2615,0.3397
11/3/2018,-0.2438,-0.0139
11/10/2018,-0.5028,-0.3648
11/18/2018,-0.1352,-0.0852
11/19/2018,-0.3683,-0.1353
11/26/2018,-0.081,0.1752
11/27/2018,,
12/4/2018,-0.3128,-0.0719
12/5/2018,-0.3562,-0.0418
12/12/2018,-0.3817,-0.1876
12/13/2018,-0.4692,-0.4367
12/20/2018,-0.4986,-0.4734
12/21/2018,-0.2416,
12/28/2018,-0.3595,0.1398
12/29/2018,-0.4099,-0.3555
1/5/2019,-0.1776,-0.3415
1/6/2019,-0.2749,0.0613
1/13/2019,0.7473,0.6704
1/14/2019,0.812,0.6217
1/21/2019,0.2856,0.3738
1/22/2019,,
1/29/2019,0.6245,0.5325
1/30/2019,0.5491,0.4493
2/7/2019,0.5779,0.5163
2/15/2019,-0.4218,0.2492
2/22/2019,0.0695,0.3283
2/23/2019,0.7903,0.6139
3/2/2019,-0.209,0.2381
3/3/2019,0.8196,0.6751
3/10/2019,-0.4427,-0.0185
3/11/2019,,
3/18/2019,0.7205,0.6652
3/19/2019,0.3784,0.4759
3/26/2019,,
3/27/2019,-0.3389,-0.2698
4/4/2019,,
4/11/2019,,
4/12/2019,,
4/19/2019,-0.4951,-0.5223
4/20/2019,,
4/27/2019,-0.5142,-0.5521
4/28/2019,-0.4585,-0.4863
5/5/2019,-0.4761,-0.3463
5/6/2019,-0.4514,
5/13/2019,-0.4945,-0.4794
5/14/2019,-0.0991,
5/22/2019,,
5/29/2019,,
5/30/2019,-0.4783,-0.3776
6/6/2019,-0.4925,-0.4739
6/7/2019,-0.511,-0.5429
6/14/2019,-0.4875,
6/15/2019,-0.4054,-0.2771
6/22/2019,-0.4921,-0.436
6/23/2019,,
6/30/2019,-0.5257,-0.4085
7/1/2019,,
7/9/2019,-0.5196,-0.5444
7/16/2019,-0.5362,-0.5519
7/17/2019,-0.5022,-0.335
7/24/2019,-0.522,-0.5273
7/25/2019,-0.4997,-0.5265
8/1/2019,,
8/2/2019,-0.5072,-0.4994
8/9/2019,-0.523,-0.5406
8/17/2019,-0.5407,
8/18/2019,-0.5059,-0.5154
8/25/2019,-0.5013,-0.4997
8/26/2019,-0.5217,-0.544
9/2/2019,-0.5322,-0.555
9/3/2019,-0.4978,-0.5056
9/10/2019,-0.3996,-0.5008
9/11/2019,-0.5247,-0.5414
9/18/2019,-0.5092,
9/19/2019,-0.5125,-0.5139
9/26/2019,-0.3521,-0.3246
9/27/2019,-0.518,-0.5364
10/4/2019,-0.5115,-0.5227
10/5/2019,-0.3881,
10/12/2019,-0.4338,-0.2692
10/13/2019,-0.53,-0.5353
10/20/2019,-0.5162,-0.4694
11/5/2019,-0.3237,-0.2646
11/6/2019,-0.3407,-0.146
11/13/2019,-0.2785,
11/14/2019,-0.4846,-0.4423
11/29/2019,0.0355,0.3788
12/7/2019,-0.3809,-0.3244
12/31/2019,0.0058,0.4123
1/8/2020,-0.4,-0.3478
1/9/2020,-0.3155,-0.1019
1/24/2020,-0.4023,-0.2972
1/25/2020,-0.3817,-0.059
2/2/2020,-0.4099,-0.2664
2/10/2020,0.7995,
2/17/2020,0.2183,0.3426
2/26/2020,-0.0243,0.3057
3/4/2020,-0.2425,0.003
3/5/2020,-0.3233,-0.2715
3/21/2020,-0.1356,
3/28/2020,-0.1234,
4/5/2020,-0.4879,-0.3333
4/6/2020,-0.5045,-0.4621
4/13/2020,-0.2381,
4/14/2020,-0.0519,
4/21/2020,-0.4731,-0.4153
4/29/2020,-0.5138,-0.5482
5/7/2020,-0.4891,-0.4971
5/8/2020,-0.5022,-0.5318
5/16/2020,-0.4835,
5/23/2020,-0.4676,-0.3058
5/31/2020,-0.5171,-0.5474
6/1/2020,-0.4927,-0.5038
6/8/2020,-0.5173,-0.5295
6/16/2020,-0.4718,-0.4948
6/17/2020,-0.4847,-0.4685
6/24/2020,-0.367,
7/2/2020,-0.5241,-0.5177
7/3/2020,-0.3908,-0.2423
7/10/2020,-0.5213,-0.5398
7/11/2020,-0.5182,-0.5487
7/19/2020,-0.4112,-0.4004
7/26/2020,-0.5036,-0.4869
7/27/2020,-0.3323,
8/3/2020,-0.5196,-0.5269
8/11/2020,-0.5122,-0.2227
8/12/2020,-0.5291,
8/19/2020,-0.4855,-0.5445
8/20/2020,-0.4399,-0.3566
8/27/2020,-0.5205,-0.5167
8/28/2020,-0.4506,-0.4761
9/4/2020,-0.5365,-0.5624
9/5/2020,-0.5112,-0.5132
9/12/2020,-0.5244,-0.519
9/13/2020,-0.5297,-0.5535
9/20/2020,-0.5116,-0.5272
9/21/2020,-0.4997,-0.4804
9/28/2020,-0.4948,-0.4643
9/29/2020,-0.5318,-0.5535
10/6/2020,-0.5266,-0.5456
10/7/2020,-0.4834,-0.4517
10/14/2020,-0.5161,-0.4984
10/22/2020,-0.524,-0.5376
10/30/2020,-0.3384,-0.0506
10/31/2020,-0.4743,-0.3156
11/8/2020,-0.4878,-0.4235
11/15/2020,-0.4847,-0.4043
11/16/2020,-0.5175,-0.5222
11/23/2020,-0.4676,-0.396
12/9/2020,-0.2585,-0.2877
12/17/2020,0.0445,0.1217
12/25/2020,-0.4078,-0.354
12/26/2020,-0.3416,0.0231
1/2/2021,-0.0675,0.1937
1/3/2021,-0.3126,-0.3634
1/10/2021,-0.2834,-0.1472
1/11/2021,-0.2452,0.1676
1/18/2021,-0.1586,-0.052
1/27/2021,0.6271,
2/3/2021,-0.3832,-0.0945
2/4/2021,-0.4419,
2/11/2021,-0.4677,-0.3044
2/12/2021,-0.4006,-0.1208
2/19/2021,-0.0239,0.2637
2/20/2021,-0.2458,-0.2666
2/28/2021,-0.2962,-0.014
3/7/2021,-0.2817,0.0555
3/24/2021,-0.0788,
3/31/2021,-0.389,-0.321
4/1/2021,-0.3914,-0.1401
4/8/2021,-0.2865,
4/9/2021,-0.5016,-0.4671
4/24/2021,-0.4918,-0.463
4/25/2021,-0.5046,-0.5288
5/2/2021,-0.4986,-0.5417
5/19/2021,-0.4791,-0.4865
5/26/2021,-0.3378,
5/27/2021,-0.5121,-0.5406
6/3/2021,-0.5196,-0.5098
6/4/2021,-0.5041,-0.513
6/11/2021,-0.4952,-0.4838
6/12/2021,-0.5078,-0.5321
6/19/2021,-0.3701,
6/20/2021,-0.4997,-0.4967
7/5/2021,-0.5317,-0.5558
7/6/2021,-0.5033,-0.5019
7/13/2021,-0.0444,-0.2947
7/21/2021,-0.5307,-0.5424
7/22/2021,-0.5015,-0.5083
7/29/2021,-0.5078,-0.5034
7/30/2021,-0.5201,-0.5462
8/6/2021,-0.4839,-0.5469
8/7/2021,-0.1665,
8/14/2021,-0.5041,-0.5117
8/15/2021,-0.4979,-0.5315
8/22/2021,-0.535,-0.5493
8/23/2021,-0.4751,-0.4798
8/30/2021,-0.4857,-0.4295
8/31/2021,-0.5106,-0.4809
9/7/2021,-0.4919,-0.5212
9/8/2021,-0.4849,-0.4293
9/15/2021,-0.5315,-0.5198
9/16/2021,-0.5318,-0.5443
9/24/2021,-0.5011,-0.4611
10/1/2021,-0.1116,0.1143
10/2/2021,-0.4922,-0.5141
10/9/2021,-0.5312,-0.546
10/10/2021,-0.4965,-0.4551
10/17/2021,-0.5267,-0.4979
10/18/2021,-0.4934,-0.5383
