DateTime," NDWI (NIR/SWIR1) (Landsat 4/5/7/8 SR) at Polygon 1, 1984-01-01 to 2019-08-15"," NDWI (NIR/SWIR1) (Landsat 4/5/7/8 SR) at Polygon 2, 1984-01-01 to 2019-08-15"
4/10/1984,0.5219,0.6687
5/12/1984,0.2869,
6/6/1984,0.0285,0.001
6/13/1984,-0.0009,
6/22/1984,-0.0218,-0.035
6/29/1984,-0.0035,-0.0148
7/8/1984,0.006,0.0046
7/15/1984,0.0328,0.0124
7/24/1984,,
8/25/1984,0.0258,0.0008
11/4/1984,0.206,0.3474
11/13/1984,0.1483,0.2257
11/20/1984,0.1591,0.2094
12/22/1984,0.3687,0.4077
1/7/1985,,0.3888
1/16/1985,0.357,0.462
1/23/1985,0.333,0.5178
2/1/1985,0.6618,0.625
2/8/1985,0.4428,0.4377
2/17/1985,,
4/6/1985,0.0792,0.23
4/13/1985,-0.0161,-0.0202
5/8/1985,-0.0428,-0.075
5/24/1985,-0.0337,-0.0646
7/27/1985,-0.0027,-0.008
8/12/1985,-0.0219,-0.0287
8/28/1985,0.0141,0.0061
9/4/1985,0.2157,0.1488
9/13/1985,0.0086,0.0082
10/15/1985,0.1023,0.1998
10/22/1985,0.0522,0.0339
10/31/1985,,
11/16/1985,0.577,0.5823
11/23/1985,0.3796,0.463
12/2/1985,0.2129,0.2218
12/9/1985,,
1/3/1986,0.3873,0.4529
1/10/1986,0.5378,0.5256
1/19/1986,,
1/26/1986,0.2474,0.2845
2/4/1986,0.196,0.3833
2/27/1986,,
3/8/1986,,
3/15/1986,,0.2098
3/31/1986,,0.0159
4/9/1986,0.1019,0.2735
4/25/1986,-0.0214,-0.0294
5/2/1986,,0.0502
5/11/1986,-0.0422,-0.0568
5/18/1986,0.0142,-0.0036
6/3/1986,,0.0703
6/12/1986,-0.0292,-0.0309
6/19/1986,-0.0025,-0.0009
6/28/1986,-0.0055,-0.0053
7/5/1986,,
7/14/1986,-0.0285,-0.015
7/21/1986,,0.0378
7/30/1986,-0.0278,-0.0191
8/6/1986,-0.0136,-0.003
8/15/1986,-0.0188,-0.008
8/22/1986,,0.141
8/31/1986,0.0173,0.0151
9/7/1986,,
9/16/1986,0.0724,
9/23/1986,-0.0055,0.0287
10/2/1986,0.0323,0.0366
10/9/1986,0.085,0.101
10/18/1986,0.0628,0.0614
10/25/1986,0.1074,0.1121
11/10/1986,0.3444,0.482
11/26/1986,0.5591,0.5743
12/12/1986,0.694,0.6919
12/21/1986,0.6134,0.6735
12/28/1986,0.5561,0.6352
1/6/1987,0.5434,0.6816
1/13/1987,0.5081,0.6066
1/22/1987,0.6561,0.6532
1/29/1987,0.497,0.5571
2/7/1987,0.3964,0.5709
3/2/1987,0.7198,0.7255
4/3/1987,0.3207,0.5186
4/19/1987,-0.0172,0.0524
4/28/1987,-0.0255,-0.0402
5/5/1987,,
5/14/1987,-0.0414,-0.0228
5/30/1987,-0.0209,-0.0303
6/6/1987,-0.0168,-0.0106
6/15/1987,-0.026,-0.0228
6/22/1987,-0.0265,-0.0133
7/1/1987,-0.0045,0.0025
7/24/1987,-0.0076,0.2714
8/2/1987,-0.0088,0
8/9/1987,0.0291,0.0798
8/18/1987,0.0075,0.0087
8/25/1987,0.055,0.0515
9/3/1987,0.0098,0.0081
9/10/1987,0.0138,0.011
9/19/1987,0.0178,0.0141
9/26/1987,0.0278,0.0206
10/5/1987,0.0567,0.0542
10/12/1987,0.0473,0.0417
10/21/1987,0.0619,0.0485
11/14/1987,0.0009,0.138
3/4/1988,,
3/20/1988,,
3/29/1988,0.6883,0.6842
4/5/1988,0.1157,0.183
4/14/1988,,
4/21/1988,-0.008,-0.0202
4/30/1988,-0.0417,-0.036
5/7/1988,-0.0287,-0.0408
5/16/1988,-0.032,-0.0445
5/23/1988,0.0089,0.0645
6/1/1988,0.0333,-0.0036
6/8/1988,0.0006,-0.0159
6/17/1988,0.0077,0.011
6/24/1988,0.0178,0.0169
7/3/1988,0.006,0.01
7/26/1988,0.0479,0.0476
7/27/1988,0.0131,0.0225
8/11/1988,0.0247,0.0356
8/27/1988,0.0606,0.0869
9/5/1988,0.0229,0.0331
9/21/1988,0.0434,
9/28/1988,0.2126,0.0506
10/7/1988,0.0819,0.0898
10/14/1988,0.063,0.0717
10/23/1988,0.0822,0.0835
10/30/1988,0.0995,0.1042
4/1/1989,,
4/8/1989,0.0385,0.0208
4/17/1989,0.0263,0.037
4/24/1989,-0.0008,-0.0038
5/3/1989,0.0353,0.0906
5/10/1989,,
5/26/1989,,
6/11/1989,,
6/20/1989,0.0321,0.0604
7/5/1989,-0.003,0.0075
7/13/1989,0.0301,0.0507
7/14/1989,0.09,0.0459
7/22/1989,0.114,0.0558
7/29/1989,0.0221,0.0344
8/7/1989,0.0172,0.0271
8/14/1989,0.0065,0.0368
8/15/1989,0.0137,0.0299
8/23/1989,0.0131,0.0219
8/30/1989,0.0101,0.0226
8/31/1989,-0.0027,0.0106
9/7/1989,-0.0021,0.0096
9/8/1989,0.0837,0.0667
9/15/1989,0.0278,0.0368
9/24/1989,0.0403,0.0481
10/1/1989,0.0403,0.045
10/10/1989,0.065,0.065
10/17/1989,,
2/15/1990,0.595,0.6279
3/26/1990,0.1755,0.2295
4/4/1990,0.0939,0.1595
4/11/1990,,0.0737
4/20/1990,0.054,-0.0098
4/27/1990,,
5/6/1990,-0.0132,0.0833
5/13/1990,0.0175,
5/22/1990,-0.0242,-0.0239
6/23/1990,0.0036,0.0121
7/9/1990,0.0726,0.1262
8/10/1990,0.0474,0.0555
9/2/1990,0.0268,0.0354
9/11/1990,0.034,0.0375
9/27/1990,,
10/4/1990,,
10/13/1990,0.072,0.076
10/29/1990,0.1101,0.1098
3/22/1991,0.7034,0.6933
3/29/1991,,
4/7/1991,,
4/14/1991,0.5608,0.5768
4/23/1991,,
4/30/1991,0.5571,0.474
5/9/1991,,
5/25/1991,-0.0038,-0.0004
6/1/1991,,
6/10/1991,-0.0017,-0.0523
6/17/1991,-0.0102,0.0075
6/26/1991,0.0127,0.0313
7/3/1991,0.0249,0.0782
7/12/1991,0.0617,0.1322
7/19/1991,0.0165,0.0805
7/28/1991,0.0098,0.0458
8/4/1991,,
8/20/1991,,0.0907
8/29/1991,0.0613,0.0899
9/5/1991,0.0406,0.0815
9/14/1991,0.0323,0.0615
9/21/1991,0.0268,0.0583
10/7/1991,0.04,0.0656
10/16/1991,0.0578,0.0798
10/23/1991,,0.0884
1/20/1992,0.6148,0.6301
3/15/1992,0.3612,0.5967
3/24/1992,0.3557,0.5555
3/31/1992,,
4/9/1992,0.0352,0.1191
4/16/1992,0.121,0.5951
4/25/1992,-0.0095,0.0107
5/2/1992,0.0538,
5/11/1992,-0.0044,0.0078
5/18/1992,0.059,0.0939
6/3/1992,0.0445,0.0478
6/4/1992,0.0288,0.0425
6/11/1992,0.1009,0.1212
6/12/1992,0.0156,0.0343
6/19/1992,0.0004,0.0353
6/20/1992,0.079,
6/28/1992,0.0855,0.0888
7/5/1992,0.01,0.0318
7/6/1992,0.0057,0.0329
7/21/1992,0.038,0.0474
7/30/1992,0.019,0.0338
8/15/1992,0.0291,0.0398
8/22/1992,0.0578,0.0557
8/31/1992,,
9/7/1992,0.039,0.0674
9/16/1992,0.0856,0.0682
9/23/1992,0.0373,0.0531
10/2/1992,0.0565,0.0647
10/9/1992,0.0771,0.1203
10/18/1992,0.0789,0.0932
10/25/1992,0.1426,0.0956
11/3/1992,,
11/10/1992,0.2111,0.3349
11/26/1992,0.717,0.7036
12/12/1992,,
12/21/1992,0.6357,0.6533
1/6/1993,0.5746,0.6117
1/13/1993,0.5496,0.6323
1/22/1993,0.4503,0.5682
1/29/1993,,
2/7/1993,,
2/14/1993,,0.55
2/23/1993,0.4093,0.556
3/2/1993,0.3487,0.5278
3/18/1993,,
4/3/1993,,
4/12/1993,0.042,0.0512
4/19/1993,,0.0915
4/28/1993,0.0042,0.0096
5/5/1993,,
5/14/1993,0.1314,0.0537
5/30/1993,0.1121,0.0219
6/6/1993,,
6/15/1993,0.0087,0.0235
6/22/1993,-0.0018,0.0145
7/1/1993,0.0137,0.0291
7/8/1993,0.1529,0.1606
7/17/1993,,
7/24/1993,,0.0607
8/2/1993,0.1501,0.0587
8/9/1993,0.0294,0.042
8/18/1993,0.0482,0.1477
8/25/1993,0.0516,0.0582
9/3/1993,0.0736,0.0924
9/10/1993,0.0511,0.071
9/19/1993,0.0571,0.0898
9/26/1993,0.0583,0.0726
10/5/1993,0.0627,0.0695
10/12/1993,0.0759,0.0885
10/21/1993,0.1178,0.1284
10/28/1993,0.152,
11/6/1993,0.6539,0.7102
11/13/1993,0.4147,0.5674
11/22/1993,0.3209,0.4688
11/29/1993,0.3293,0.4477
12/8/1993,0.156,0.2764
12/24/1993,,
1/9/1994,0.3979,0.5008
1/16/1994,,
1/25/1994,,
2/1/1994,0.726,0.7242
2/10/1994,0.6105,
2/17/1994,,
2/26/1994,0.3633,0.4403
3/14/1994,0.1754,0.2519
3/21/1994,0.0903,0.1844
3/30/1994,0.6902,0.7123
4/6/1994,0.741,0.7082
4/15/1994,0.0514,0.1142
4/22/1994,0.0229,0.0256
5/1/1994,,
5/8/1994,-0.0074,-0.0058
5/17/1994,0.0027,0.0043
5/24/1994,0.0637,0.0431
6/2/1994,0.0707,0.037
6/9/1994,0.0105,0.0176
6/18/1994,0.024,0.0294
6/25/1994,0.0353,0.0618
7/4/1994,0.0165,0.0217
7/11/1994,0.0321,0.0389
8/5/1994,,0.086
8/12/1994,0.05,0.0562
8/21/1994,0.0457,0.0781
9/6/1994,0.0652,0.0636
9/13/1994,,
9/22/1994,0.107,0.1457
9/29/1994,,
10/8/1994,0.1396,0.3708
10/15/1994,,
10/24/1994,0.1262,0.1195
10/31/1994,0.5047,0.4232
11/9/1994,0.61,0.6208
11/16/1994,0.1802,0.2072
11/25/1994,0.3181,0.4866
12/2/1994,0.2368,0.3257
12/11/1994,,
12/18/1994,0.334,0.4188
12/27/1994,0.2828,0.3193
1/3/1995,0.6239,0.6532
1/12/1995,,
1/19/1995,0.2726,0.3364
1/28/1995,0.3891,0.5098
2/4/1995,0.1856,0.2375
2/13/1995,0.7412,0.7254
2/20/1995,0.3721,0.5496
3/8/1995,,
3/17/1995,,
3/24/1995,0.0877,0.0897
4/2/1995,0.4404,
4/18/1995,,
4/25/1995,0.1986,0.6089
5/4/1995,0.0953,0.1259
5/11/1995,,
6/5/1995,0.009,0.0296
6/12/1995,-0.0096,-0.0066
6/21/1995,0.0198,0.0228
6/28/1995,0.0717,0.0873
7/7/1995,0.0351,0.0448
7/23/1995,0.1279,0.0841
7/30/1995,0.1083,0.0898
8/8/1995,,
8/15/1995,0.0727,0.101
8/24/1995,0.1036,0.1017
8/31/1995,0.0952,0.1169
9/9/1995,0.0783,
9/16/1995,0.1001,0.1055
9/25/1995,0.1711,0.1788
10/2/1995,0.1188,0.12
10/11/1995,0.1228,0.1164
10/18/1995,0.1192,0.1258
11/3/1995,0.1927,0.1815
11/19/1995,0.1389,0.1689
12/5/1995,0.2918,0.281
12/14/1995,0.2947,0.2893
12/21/1995,0.3211,0.3093
1/31/1996,0.5597,0.5266
2/7/1996,0.3237,0.3927
2/16/1996,0.2453,0.278
2/23/1996,0.2011,0.2105
3/3/1996,0.2024,0.2705
3/10/1996,,
3/19/1996,0.3738,0.6216
3/26/1996,0.3309,0.3641
4/11/1996,0.0774,0.0758
4/27/1996,,
5/6/1996,0.0554,0.0281
5/13/1996,0.0644,0.0433
5/22/1996,0.0248,0.0241
5/29/1996,0.0423,0.0442
6/7/1996,0.0291,0.0322
6/14/1996,,
6/23/1996,0.0429,0.0595
6/30/1996,0.0512,0.0795
7/16/1996,0.0534,0.0731
7/25/1996,0.0781,0.0882
8/1/1996,0.0697,0.0944
8/10/1996,0.0499,0.0668
8/17/1996,0.0448,0.0607
8/26/1996,0.0694,0.0733
9/2/1996,,
9/11/1996,0.0716,0.0803
9/18/1996,0.1114,0.126
9/27/1996,0.7229,0.7351
10/4/1996,0.0993,0.1101
10/13/1996,0.0979,0.0981
10/20/1996,0.1317,0.2771
10/29/1996,,
11/14/1996,,
11/21/1996,,
11/30/1996,,
12/7/1996,0.6581,0.6149
12/16/1996,,
12/23/1996,0.4112,0.4976
1/1/1997,,
1/8/1997,0.513,0.6552
1/17/1997,0.5455,0.5958
1/24/1997,0.2836,0.3609
2/2/1997,0.2323,0.2525
2/9/1997,0.3494,0.4179
2/18/1997,0.1995,0.2373
2/25/1997,0.6478,0.6339
3/6/1997,0.55,0.664
3/22/1997,0.0654,0.104
3/29/1997,,
4/7/1997,0.5892,0.6546
4/14/1997,,
4/23/1997,,
4/30/1997,0.0076,0.0189
5/9/1997,0.0038,0.0036
5/16/1997,0.0365,0.0211
5/25/1997,-0.0044,0.0507
6/1/1997,-0.0039,-0.0032
6/10/1997,0.0533,0.0782
6/17/1997,,0.0667
6/26/1997,0.0199,0.0301
7/3/1997,0.019,0.0365
7/12/1997,0.0271,0.0564
7/19/1997,,
8/13/1997,0.0629,0.1027
8/20/1997,0.0513,0.0683
8/29/1997,0.059,0.0837
9/5/1997,0.0666,0.0909
9/14/1997,0.0547,0.0686
9/30/1997,0.0681,0.0831
10/7/1997,0.0729,0.0754
10/16/1997,0.1112,0.1208
11/1/1997,0.7113,0.7013
11/17/1997,0.5127,0.6037
11/24/1997,0.4336,0.5527
12/3/1997,0.7147,0.7208
12/26/1997,0.6703,0.6514
1/4/1998,0.6262,0.6994
1/11/1998,,
1/20/1998,,
1/27/1998,0.5451,0.6568
2/5/1998,0.4931,0.606
2/12/1998,0.5265,0.6645
2/28/1998,0.4762,0.6742
3/9/1998,0.6083,0.6369
3/16/1998,,
3/25/1998,0.1812,0.307
4/1/1998,0.321,0.6237
4/10/1998,0.1275,
4/17/1998,0.7479,0.7587
5/3/1998,0.0068,0.0367
5/12/1998,-0.0114,-0.0118
5/19/1998,-0.0104,-0.0152
5/28/1998,-0.011,-0.0031
6/4/1998,0.016,
6/13/1998,0.0261,0.018
6/20/1998,0.0042,0.0148
6/29/1998,0.005,0.0134
7/15/1998,0.0178,0.0298
7/22/1998,,0.0736
7/31/1998,,
8/7/1998,0.0059,0.0248
8/16/1998,0.0331,0.0575
8/23/1998,0.0254,0.0392
9/1/1998,,
9/8/1998,0.0451,0.0577
9/17/1998,0.0785,0.0912
9/24/1998,0.0537,0.0669
10/3/1998,0.1038,0.1162
10/10/1998,0.0725,0.088
10/19/1998,0.1008,0.1077
11/4/1998,0.4549,0.5368
11/11/1998,0.5872,0.619
11/20/1998,,
11/27/1998,0.1903,0.2025
12/6/1998,0.6112,0.6202
12/13/1998,0.5637,0.6434
12/22/1998,0.6806,0.6613
12/29/1998,0.3289,0.3711
1/7/1999,0.2273,0.2349
1/14/1999,,
1/23/1999,0.6391,0.6656
1/30/1999,,
2/8/1999,0.1909,0.2692
2/24/1999,0.1609,0.3324
3/19/1999,0.0846,0.1212
3/28/1999,0.0567,0.0602
4/4/1999,0.5501,0.6391
4/20/1999,0.0396,0.0516
5/6/1999,0.0039,0.0106
5/15/1999,-0.0095,-0.0067
5/22/1999,-0.0016,0.0011
5/31/1999,0.0727,0.0121
6/7/1999,-0.004,0.0038
6/23/1999,0.0095,0.0279
7/1/1999,0.0041,0.0339
7/2/1999,,
7/9/1999,,
7/10/1999,0.0463,0.0484
7/17/1999,0.0649,0.0532
7/18/1999,0.0242,0.0977
7/25/1999,,
7/26/1999,0.0126,0.0486
8/2/1999,0.0197,0.0697
8/3/1999,0.0677,0.0985
8/10/1999,0.1435,
8/11/1999,,
8/18/1999,0.0111,0.0518
8/19/1999,0.0358,0.0613
8/26/1999,0.0639,0.0941
8/27/1999,0.0251,0.0673
9/3/1999,0.0248,0.0538
9/4/1999,0.0424,0.0767
9/11/1999,,
9/12/1999,0.0614,0.086
9/27/1999,0.0881,0.1183
9/28/1999,,
10/5/1999,0.0526,0.0782
10/6/1999,,
10/13/1999,0.0671,0.0959
10/14/1999,0.067,0.0917
10/21/1999,0.1569,0.3046
10/22/1999,0.1188,0.1963
10/29/1999,,0.2112
10/30/1999,0.1124,0.1357
11/6/1999,0.1172,0.146
11/7/1999,0.124,0.1462
11/14/1999,0.1385,0.167
11/15/1999,0.1403,0.1662
11/23/1999,0.7576,0.7608
11/30/1999,,
12/1/1999,0.2248,0.3251
12/8/1999,,
12/17/1999,0.6582,0.6266
12/24/1999,0.6162,0.6312
12/25/1999,0.6336,0.6256
1/2/2000,0.7315,0.7525
1/9/2000,0.6095,0.6983
1/10/2000,,
1/17/2000,,
1/18/2000,0.1898,
1/26/2000,,
2/2/2000,0.5611,0.5751
2/3/2000,0.6579,0.7231
2/10/2000,,
2/11/2000,0.0886,0.6067
2/18/2000,0.6683,0.7205
2/19/2000,0.4925,0.6544
2/26/2000,0.1746,0.362
2/27/2000,0.1376,0.2812
3/5/2000,0.1505,0.2788
3/6/2000,0.1642,0.2676
3/13/2000,0.1205,0.2936
3/14/2000,0.1156,0.2407
3/21/2000,,0.5808
3/29/2000,0.1206,0.5204
4/7/2000,0.0317,0.1055
4/14/2000,0.0087,0.0398
4/23/2000,,
5/1/2000,0.1628,
5/9/2000,0.0537,0.0869
5/16/2000,-0.0195,0.0128
5/17/2000,,
5/24/2000,,
5/25/2000,0.0662,
6/1/2000,-0.0152,0.0164
6/2/2000,0.0055,0.0401
6/9/2000,,
6/10/2000,-0.0129,0.0207
6/17/2000,,
6/18/2000,0.0089,0.0418
6/25/2000,0.1258,
7/3/2000,,
7/4/2000,-0.0155,0.0251
7/11/2000,0.0024,0.0104
7/12/2000,0.0654,
7/19/2000,-0.0195,0.0233
7/20/2000,0.0089,0.0372
7/27/2000,0.0655,0.0814
7/28/2000,0.0627,0.0384
8/4/2000,0.0114,0.0396
8/5/2000,-0.0007,0.0416
8/12/2000,,
8/13/2000,-0.01,0.0255
8/20/2000,,
8/21/2000,0.0456,
8/28/2000,0.0233,0.0627
9/5/2000,-0.0046,0.0409
9/6/2000,,0.0993
9/13/2000,0.0169,0.0609
9/14/2000,0.0088,0.0519
9/21/2000,0.0845,0.06
9/22/2000,,
9/29/2000,0.0872,0.1299
9/30/2000,0.0405,0.0859
10/7/2000,,
10/8/2000,0.0595,0.1071
10/15/2000,0.0568,0.1058
10/16/2000,0.0624,0.1064
10/23/2000,,
10/24/2000,0.0961,0.1497
10/31/2000,,
11/1/2000,0.1137,0.1449
11/8/2000,0.3904,0.4506
11/9/2000,0.271,0.329
11/16/2000,0.5992,0.6774
11/17/2000,0.6101,0.6894
11/24/2000,0.4311,0.5829
11/25/2000,0.3497,0.4783
12/2/2000,0.2991,0.452
12/3/2000,0.2911,0.4199
12/10/2000,,
12/11/2000,0.6271,0.6542
12/18/2000,0.3797,0.51
12/19/2000,,
12/26/2000,0.6858,0.7031
12/27/2000,0.563,0.5867
1/4/2001,0.3176,0.4355
1/11/2001,0.265,0.3837
1/12/2001,0.2484,0.3513
1/19/2001,0.5737,0.5741
1/20/2001,,
1/27/2001,,
2/4/2001,0.3476,0.5631
2/5/2001,0.295,0.4785
2/12/2001,0.6082,0.6654
2/13/2001,0.5071,0.6021
2/20/2001,0.2964,0.4902
2/21/2001,0.2813,0.4265
2/28/2001,,
3/1/2001,0.6488,
3/8/2001,0.179,0.3272
3/9/2001,0.1307,0.3243
3/16/2001,,
3/24/2001,0.6844,0.7097
3/25/2001,0.1144,
4/1/2001,0.0086,0.1066
4/2/2001,0.004,0.0902
4/9/2001,0.0039,0.0438
4/10/2001,,
4/17/2001,-0.0038,0.118
4/18/2001,0.018,0.0712
4/25/2001,-0.0062,0.033
4/26/2001,-0.0019,0.0217
5/11/2001,-0.0147,0.0236
5/12/2001,-0.0336,0.0014
5/19/2001,,
5/20/2001,-0.0144,0.0287
5/27/2001,-0.0183,0.0283
5/28/2001,,
6/4/2001,0.028,
6/5/2001,0.0055,0.0274
6/12/2001,-0.0239,0.051
6/13/2001,,
6/20/2001,0.0786,0.143
6/21/2001,-0.0266,0.0346
6/28/2001,-0.0206,0.0394
6/29/2001,0.0562,0.0831
7/6/2001,0.0775,0.1385
7/7/2001,-0.0226,0.0559
7/15/2001,-0.0224,
7/22/2001,,0.0869
7/23/2001,,
7/30/2001,0.1067,
7/31/2001,-0.0763,0.0518
8/7/2001,0.119,0.0832
8/8/2001,-0.0161,0.1471
8/15/2001,0.0137,0.0603
8/16/2001,,
8/23/2001,,
8/24/2001,-0.0321,0.0189
8/31/2001,,
9/1/2001,0.0518,0.1003
9/8/2001,0.7151,
9/9/2001,0.0295,0.1795
9/16/2001,0.0473,0.1008
9/17/2001,0.0475,0.1268
9/24/2001,-0.0022,0.0583
9/25/2001,-0.0119,0.0441
10/2/2001,-0.0126,0.0759
10/3/2001,0.0102,0.0724
10/11/2001,,
10/18/2001,0.042,0.0896
10/19/2001,0.0427,0.0997
10/26/2001,0.0523,0.1182
10/27/2001,,
11/3/2001,0.0884,0.1444
11/4/2001,0.0816,0.1442
11/11/2001,0.1057,0.1645
11/12/2001,0.1038,0.1688
11/19/2001,0.4983,0.6603
11/20/2001,0.1554,0.2926
11/27/2001,0.572,0.3369
11/28/2001,0.7034,0.7064
12/5/2001,0.2525,0.3723
12/6/2001,0.2298,0.3408
12/13/2001,0.5494,0.6617
12/14/2001,,
12/21/2001,0.2651,0.3811
12/22/2001,0.6612,0.6992
12/29/2001,0.3346,0.5005
12/30/2001,,
1/6/2002,0.5388,0.5636
1/7/2002,0.4399,0.475
1/14/2002,0.3095,0.5096
1/15/2002,0.3061,0.483
1/22/2002,0.2665,0.4527
1/23/2002,,
1/30/2002,0.4879,0.4711
1/31/2002,0.6354,0.6502
2/7/2002,0.2789,0.4266
2/8/2002,0.2171,0.4113
2/15/2002,0.7654,0.759
2/16/2002,0.4977,0.5778
2/23/2002,0.1235,0.222
2/24/2002,0.1339,0.3057
3/3/2002,0.7363,0.7174
3/12/2002,,
3/19/2002,0.5986,0.6972
3/28/2002,0.0365,0.1931
4/4/2002,-0.0195,0.0472
4/13/2002,-0.0292,0.0268
4/20/2002,-0.0246,0.045
4/29/2002,0.0367,0.0461
5/6/2002,-0.0543,0.0002
5/7/2002,-0.0583,-0.0081
5/14/2002,,
5/15/2002,0.1462,0.0345
5/22/2002,-0.0579,-0.0037
5/23/2002,,
5/31/2002,-0.051,-0.0186
6/7/2002,-0.0663,0.0035
6/8/2002,-0.0691,-0.0123
6/15/2002,,
6/16/2002,-0.2637,-0.0163
6/23/2002,-0.3694,-0.1002
6/24/2002,-0.3098,-0.0825
7/1/2002,-0.2821,-0.0468
7/2/2002,-0.3261,-0.0945
7/9/2002,-0.367,-0.1157
7/10/2002,-0.3395,-0.0699
7/17/2002,-0.3378,-0.1058
7/18/2002,-0.3406,-0.11
7/25/2002,-0.2421,-0.0383
7/26/2002,-0.3167,-0.0955
8/2/2002,,0.1131
8/3/2002,,
8/10/2002,-0.3466,-0.1083
8/11/2002,-0.3333,-0.1001
8/18/2002,,-0.0151
8/19/2002,-0.3117,-0.0945
8/26/2002,-0.3378,-0.1038
8/27/2002,-0.2983,0.0097
9/3/2002,-0.1653,
9/4/2002,-0.3014,-0.0848
9/11/2002,,
9/12/2002,-0.3046,-0.0465
9/19/2002,-0.2902,-0.0147
9/20/2002,-0.3294,-0.0644
9/27/2002,,
9/28/2002,-0.1787,-0.0638
10/5/2002,,-0.029
10/6/2002,-0.2874,-0.044
10/13/2002,-0.282,-0.0345
10/14/2002,-0.2737,-0.0261
10/21/2002,-0.276,0.0049
10/22/2002,-0.2256,0.0955
10/29/2002,,
10/30/2002,0.5543,0.6235
11/6/2002,-0.2147,0.14
11/7/2002,,
11/14/2002,-0.2116,0.0922
11/22/2002,,-0.0122
11/23/2002,,
11/30/2002,-0.1158,0.0272
12/1/2002,,
12/8/2002,,
12/9/2002,-0.2658,0.0729
12/16/2002,-0.2711,0.0726
12/17/2002,-0.2548,0.0832
12/24/2002,0.2703,0.5156
12/25/2002,-0.014,0.3332
1/1/2003,0.4846,
1/2/2003,0.5676,0.5723
1/9/2003,-0.0233,0.2118
1/10/2003,0.0683,0.1667
1/17/2003,-0.229,0.1241
1/18/2003,-0.1545,0.0865
1/25/2003,-0.2511,0.0743
1/26/2003,-0.2678,0.0569
2/2/2003,-0.1045,0.0208
2/3/2003,0.6072,0.6657
2/10/2003,0.6884,0.6561
2/11/2003,,
2/19/2003,0.1614,0.5913
2/27/2003,0.6879,0.7116
3/6/2003,0.4577,0.6883
3/7/2003,0.3388,0.6738
3/14/2003,-0.197,0.132
3/15/2003,-0.2752,0.0991
3/22/2003,0.8293,0.7345
3/23/2003,0.7842,0.7255
3/30/2003,0.135,
3/31/2003,,
4/7/2003,-0.2636,0.0636
4/8/2003,-0.2482,0.1431
4/16/2003,-0.2871,-0.0964
4/23/2003,,
4/24/2003,0.5612,
5/1/2003,-0.259,-0.0979
5/2/2003,,
5/9/2003,-0.2289,-0.1121
5/10/2003,,
5/17/2003,-0.2623,-0.0938
5/18/2003,-0.1858,-0.0087
5/25/2003,-0.2519,-0.0768
5/26/2003,-0.244,-0.0976
6/2/2003,-0.1292,-0.0319
6/11/2003,-0.2645,-0.0875
6/18/2003,-0.1637,
6/27/2003,-0.2455,-0.0806
7/4/2003,-0.2486,-0.0793
7/13/2003,,
7/20/2003,-0.2248,-0.0534
7/21/2003,-0.2356,-0.0813
7/28/2003,-0.1858,-0.0416
7/29/2003,,
8/5/2003,-0.2175,-0.036
8/6/2003,-0.2186,-0.0614
8/13/2003,-0.2259,-0.064
8/14/2003,-0.2205,-0.0587
8/21/2003,-0.103,
8/22/2003,-0.1831,-0.0701
8/29/2003,-0.1908,0.0047
9/6/2003,,
9/15/2003,-0.2256,-0.05
9/22/2003,-0.2323,-0.0556
9/23/2003,-0.2153,-0.0472
9/30/2003,-0.2162,-0.0433
10/1/2003,-0.1862,-0.0013
10/8/2003,-0.2344,-0.0495
10/9/2003,-0.2198,-0.0428
10/16/2003,-0.1322,-0.061
10/17/2003,-0.2385,-0.0362
10/24/2003,-0.2474,-0.0337
10/25/2003,-0.1719,
11/1/2003,,
11/2/2003,-0.2194,0.0004
11/9/2003,-0.1737,0.0234
11/10/2003,-0.2254,0.0251
11/17/2003,-0.2167,0.0437
11/18/2003,-0.2528,0.0274
11/25/2003,0.4543,0.5354
11/26/2003,0.1426,0.5465
12/3/2003,,
12/4/2003,-0.2228,0.0435
12/11/2003,0.4564,0.6039
12/12/2003,0.479,0.6165
12/19/2003,0.3678,0.5844
12/20/2003,,
12/27/2003,0.0962,0.4544
12/28/2003,0.0776,0.4541
1/4/2004,0.6307,0.6747
1/5/2004,0.5996,0.6308
1/12/2004,0.0997,0.4139
1/13/2004,-0.1893,0.3026
1/21/2004,0.6291,0.7131
1/28/2004,0.5569,0.57
1/29/2004,,
2/5/2004,0.6245,0.6289
2/6/2004,0.6553,0.6767
2/13/2004,,
2/14/2004,0.7098,0.6689
2/21/2004,,
2/22/2004,,
2/29/2004,0.5181,0.582
3/1/2004,0.3111,0.569
3/8/2004,0.145,0.472
3/9/2004,-0.0937,0.3558
3/16/2004,,
3/17/2004,-0.2278,0.0849
3/24/2004,,-0.0064
3/25/2004,-0.2444,-0.0579
4/1/2004,-0.22,-0.067
4/2/2004,,
4/17/2004,-0.2397,-0.0842
4/18/2004,-0.1737,
4/25/2004,,
4/26/2004,-0.1784,0.0447
5/3/2004,-0.2247,-0.0901
5/4/2004,-0.197,-0.0163
5/11/2004,-0.2132,-0.0796
5/12/2004,,
5/19/2004,-0.0732,
5/20/2004,,
5/27/2004,-0.1942,-0.0625
5/28/2004,,
6/4/2004,,-0.0196
6/5/2004,-0.1861,-0.0565
6/12/2004,0.0953,0.0438
6/13/2004,-0.1899,
6/20/2004,-0.1931,-0.0417
6/21/2004,,
6/28/2004,-0.1651,-0.0149
6/29/2004,-0.1453,0.1717
7/6/2004,-0.1816,-0.0516
7/7/2004,-0.1734,-0.0481
7/14/2004,-0.1689,-0.0337
7/15/2004,-0.1637,-0.0185
7/22/2004,-0.0999,0.0129
7/30/2004,,0.0598
7/31/2004,-0.1529,-0.0344
8/7/2004,,
8/8/2004,-0.1405,-0.0281
8/15/2004,-0.1581,-0.0329
8/16/2004,-0.1527,-0.0208
8/23/2004,-0.0522,
8/24/2004,-0.1042,0.0024
8/31/2004,-0.1423,-0.0272
9/1/2004,-0.1542,-0.0283
9/8/2004,-0.1695,-0.0235
9/9/2004,-0.1497,-0.0212
9/16/2004,-0.1769,-0.0293
9/17/2004,-0.1749,-0.0284
9/24/2004,-0.1811,0.0007
9/25/2004,-0.162,0.0008
10/2/2004,-0.1764,0.0095
10/3/2004,-0.1753,0.0061
10/10/2004,-0.1658,-0.0136
10/11/2004,-0.1148,0.0009
10/18/2004,-0.1823,0.0054
10/26/2004,-0.2115,0.0152
10/27/2004,-0.0228,
11/3/2004,0.4947,0.63
11/4/2004,,
11/11/2004,0.2101,0.702
11/12/2004,,
11/19/2004,-0.1943,0.1721
12/5/2004,0.4724,0.6028
12/6/2004,0.3554,0.5925
12/13/2004,-0.0596,
12/14/2004,-0.085,
12/21/2004,0.0907,0.3907
12/22/2004,0.5264,0.6709
12/30/2004,-0.1353,0.5623
1/6/2005,0.6435,0.6792
1/7/2005,0.5422,0.6219
1/14/2005,0.6339,0.6306
1/15/2005,0.6344,0.639
1/22/2005,0.1304,0.444
1/23/2005,-0.0477,0.3907
1/31/2005,0.5536,0.5631
2/7/2005,,
2/8/2005,0.1119,0.2839
2/15/2005,0.0014,
2/16/2005,,
2/23/2005,,
2/24/2005,-0.1839,0.521
3/3/2005,-0.0225,0.3496
3/4/2005,-0.184,0.1794
3/11/2005,-0.0996,0.2587
3/12/2005,-0.1589,0.1781
3/19/2005,,
3/20/2005,0.0309,0.3644
3/27/2005,-0.1614,0.579
3/28/2005,-0.074,
4/4/2005,-0.1925,0.2404
4/12/2005,0.8336,0.8015
4/13/2005,0.7751,0.7137
4/20/2005,-0.2432,-0.0799
4/21/2005,-0.2349,-0.0721
4/28/2005,-0.0655,0.0796
5/6/2005,,
5/7/2005,-0.1429,0.0393
5/14/2005,-0.003,
5/15/2005,-0.1851,-0.0796
5/22/2005,-0.1923,-0.085
5/23/2005,-0.1815,-0.0775
5/30/2005,-0.0838,-0.0318
5/31/2005,-0.1608,-0.0426
6/7/2005,-0.173,-0.0581
6/8/2005,-0.1617,-0.057
6/15/2005,-0.1406,-0.0332
6/16/2005,-0.1546,-0.0383
6/23/2005,,
6/24/2005,-0.1415,-0.0114
7/1/2005,-0.1119,-0.0303
7/2/2005,-0.1441,-0.0269
7/9/2005,-0.1181,-0.0191
7/10/2005,-0.1445,-0.0256
7/17/2005,-0.1512,-0.0168
7/18/2005,-0.1518,0.0016
7/26/2005,-0.0621,0.022
8/2/2005,-0.182,-0.0399
8/3/2005,-0.1725,-0.0286
8/10/2005,-0.0968,0.0481
8/11/2005,-0.1011,
8/18/2005,-0.1756,-0.0242
8/19/2005,,
8/26/2005,-0.1525,-0.021
8/27/2005,-0.1584,0.0226
9/3/2005,-0.1576,-0.0154
9/4/2005,-0.1561,-0.0072
9/11/2005,-0.1734,-0.0263
9/12/2005,-0.1688,-0.0231
9/19/2005,-0.1799,-0.0198
9/20/2005,-0.1548,-0.0016
9/27/2005,-0.1882,-0.0093
10/6/2005,-0.1906,0.0095
10/13/2005,-0.004,0.3682
10/14/2005,-0.1625,0.0853
10/21/2005,-0.1685,0.047
10/22/2005,-0.2005,0.0253
10/29/2005,,0.1753
10/30/2005,-0.1954,0.0467
11/6/2005,-0.1138,
11/7/2005,-0.2022,0.0447
11/14/2005,-0.1659,0.0598
11/15/2005,0.6085,0.6722
11/22/2005,-0.0313,0.3363
11/23/2005,-0.2016,0.2431
12/1/2005,,
12/8/2005,0.6318,0.6662
12/17/2005,0.2707,0.5137
12/24/2005,,
1/2/2006,-0.1847,0.2339
1/9/2006,-0.1744,0.1783
1/10/2006,-0.1902,0.1477
1/17/2006,0.1341,0.4846
1/18/2006,-0.1473,0.3305
1/25/2006,,
1/26/2006,0.6185,0.6806
2/3/2006,-0.0904,0.426
2/10/2006,0.5384,0.6664
2/11/2006,0.5403,0.6423
2/18/2006,0.4907,0.6312
2/19/2006,0.3284,0.5597
2/26/2006,-0.0768,0.2622
2/27/2006,-0.1837,0.1841
3/6/2006,-0.1778,-0.009
3/7/2006,-0.2249,0.0101
3/14/2006,-0.1552,0.4939
3/23/2006,-0.0383,0.4028
3/30/2006,-0.2234,-0.0306
3/31/2006,,
4/7/2006,,
4/8/2006,-0.2225,-0.0405
4/15/2006,,
4/16/2006,-0.2258,-0.0655
4/23/2006,-0.2256,-0.0751
4/24/2006,,
5/1/2006,-0.2084,-0.0558
5/2/2006,-0.1969,-0.0692
5/9/2006,-0.0371,0.0427
5/10/2006,-0.1837,0.1541
5/17/2006,-0.1776,-0.0572
5/18/2006,-0.1852,-0.0781
5/25/2006,-0.1819,-0.0578
5/26/2006,,
6/2/2006,-0.1925,-0.0492
6/3/2006,-0.1471,-0.0496
6/10/2006,,
6/11/2006,-0.184,-0.0508
6/18/2006,-0.1979,-0.0674
6/19/2006,-0.1999,-0.154
6/26/2006,-0.174,-0.0415
6/27/2006,-0.1869,-0.0285
7/4/2006,-0.1945,-0.0583
7/5/2006,-0.1344,-0.0098
7/12/2006,-0.0933,0.0367
7/13/2006,-0.1962,-0.069
7/20/2006,-0.1726,-0.051
7/21/2006,-0.1552,0.0146
7/28/2006,-0.0441,
7/29/2006,-0.1277,-0.0402
8/6/2006,,
8/13/2006,-0.1033,-0.0121
8/14/2006,-0.1024,-0.0077
8/21/2006,-0.0666,0.0338
8/22/2006,0.0042,0.0702
8/29/2006,-0.1184,-0.0276
8/30/2006,-0.1149,-0.0177
9/6/2006,-0.0603,0.027
9/7/2006,-0.1247,-0.0019
9/14/2006,-0.1229,0.0031
9/15/2006,-0.1285,-0.0121
9/23/2006,,
9/30/2006,-0.175,-0.0311
10/1/2006,,
10/16/2006,-0.1467,-0.1288
10/24/2006,,
10/25/2006,-0.0971,-0.0075
11/1/2006,0.306,0.555
11/2/2006,0.2556,0.4957
11/9/2006,-0.1961,0.0808
11/10/2006,-0.2076,0.0525
11/17/2006,-0.2161,0.0833
11/18/2006,-0.2075,0.0803
11/25/2006,-0.2161,0.0696
11/26/2006,-0.2171,0.0626
12/3/2006,0.6761,0.7186
12/4/2006,0.6756,0.6592
12/11/2006,0.3876,0.5793
12/12/2006,,
12/19/2006,0.0396,0.3336
12/27/2006,0.7224,0.6415
1/4/2007,0.7233,0.6501
1/12/2007,0.6282,0.6769
1/13/2007,0.5558,0.609
1/20/2007,,
1/21/2007,,
1/28/2007,0.7072,0.6444
1/29/2007,0.7048,0.6621
2/5/2007,0.7016,0.6444
2/6/2007,0.7914,0.6951
2/13/2007,,
2/14/2007,0.5868,0.6077
2/21/2007,0.5685,0.6911
2/22/2007,0.5547,0.6918
3/1/2007,0.7417,0.6881
3/2/2007,,
3/9/2007,0.3729,0.4865
3/10/2007,,
3/17/2007,,
3/18/2007,-0.0983,0.1307
3/25/2007,-0.1995,0.2182
3/26/2007,-0.2331,0.0211
4/2/2007,-0.1728,-0.0412
4/3/2007,-0.2608,-0.0861
4/11/2007,-0.2397,-0.0514
4/18/2007,-0.2366,-0.0734
4/19/2007,-0.2513,-0.1071
4/26/2007,0.7414,0.7578
4/27/2007,0.1712,0.7131
5/5/2007,-0.1758,
5/12/2007,-0.1999,-0.0962
5/13/2007,-0.1489,-0.0552
5/20/2007,-0.1386,-0.0325
5/21/2007,0.0008,
5/28/2007,,-0.0438
5/29/2007,-0.1366,-0.0166
6/5/2007,,
6/13/2007,,
6/14/2007,-0.0827,-0.0084
6/21/2007,0.0244,0.009
6/22/2007,,0.0356
6/29/2007,-0.1313,-0.0296
6/30/2007,-0.1299,-0.0296
7/7/2007,-0.1429,-0.0109
7/8/2007,-0.1266,-0.0346
7/15/2007,-0.1392,-0.0547
7/16/2007,-0.1442,-0.0172
7/23/2007,-0.1019,-0.0351
7/24/2007,-0.1506,-0.0345
7/31/2007,-0.1518,-0.0072
8/1/2007,-0.1516,0.024
8/8/2007,-0.1507,-0.0006
8/9/2007,-0.1554,-0.0187
8/16/2007,-0.1586,-0.0156
8/17/2007,-0.1236,0.0004
8/24/2007,-0.1538,-0.0146
8/25/2007,-0.1632,-0.0215
9/1/2007,-0.0786,-0.0015
9/2/2007,-0.1619,-0.0062
9/9/2007,-0.0931,0.032
9/17/2007,,
9/18/2007,-0.1742,-0.0107
9/25/2007,-0.1911,-0.0176
9/26/2007,-0.1985,-0.0226
10/3/2007,-0.2153,-0.0212
10/4/2007,-0.2036,-0.0007
10/11/2007,-0.2199,-0.0076
10/20/2007,-0.2212,0.0164
10/27/2007,-0.1941,0.0457
11/5/2007,-0.2248,0.0373
11/12/2007,,
11/21/2007,0.6483,0.6341
11/28/2007,0.2072,
12/14/2007,0.4341,0.5617
12/23/2007,0.5501,0.6041
12/30/2007,0.6575,0.6456
1/8/2008,0.6436,0.7177
1/15/2008,,
1/24/2008,0.5435,0.6365
1/31/2008,0.5975,0.6408
2/1/2008,0.3541,0.5497
2/8/2008,0.4931,0.5825
2/9/2008,0.4898,0.6514
2/16/2008,0.2739,0.5878
2/25/2008,,
3/3/2008,0.6746,0.6744
3/4/2008,0.6377,0.6609
3/11/2008,0.155,0.5582
3/12/2008,,
3/19/2008,0.0341,0.4859
3/20/2008,-0.1648,0.336
3/27/2008,-0.0999,0.1876
3/28/2008,-0.1886,0.1758
4/4/2008,-0.2316,-0.0008
4/5/2008,-0.0871,0.0004
4/12/2008,0.1244,0.4795
4/13/2008,-0.2258,0.0637
4/20/2008,-0.2444,-0.0691
4/21/2008,-0.2574,-0.0903
4/28/2008,,
4/29/2008,,
5/6/2008,-0.168,-0.0654
5/7/2008,-0.1813,
5/14/2008,-0.1247,-0.027
5/15/2008,,
5/22/2008,,
5/23/2008,-0.1874,-0.0734
5/30/2008,-0.2142,-0.0936
5/31/2008,-0.1903,-0.076
6/7/2008,-0.189,-0.0687
6/8/2008,-0.1414,
6/15/2008,-0.1971,-0.0696
6/16/2008,,
6/23/2008,0.011,
6/24/2008,-0.1908,-0.0609
7/1/2008,,
7/2/2008,-0.185,-0.055
7/9/2008,-0.1927,-0.047
7/10/2008,-0.1753,-0.0587
7/17/2008,-0.1386,
7/18/2008,-0.1923,-0.0477
7/25/2008,-0.1922,-0.0537
7/26/2008,,
8/2/2008,-0.1716,-0.0345
8/3/2008,-0.1925,-0.0149
8/11/2008,-0.1881,-0.022
8/18/2008,-0.1857,-0.0122
8/19/2008,-0.1929,-0.0396
8/26/2008,-0.1961,-0.0285
8/27/2008,-0.1856,-0.0237
9/3/2008,-0.1844,-0.0242
9/4/2008,-0.1879,-0.0283
9/11/2008,-0.1781,-0.0194
9/19/2008,-0.1694,0.0267
9/20/2008,-0.1838,-0.0037
9/27/2008,-0.1857,-0.0119
9/28/2008,-0.1698,0.0245
10/5/2008,,
10/6/2008,-0.1781,0.0133
10/13/2008,-0.0935,
10/21/2008,,
10/22/2008,0.5831,0.6296
10/29/2008,-0.2298,0.0197
10/30/2008,-0.2105,0.0275
11/6/2008,-0.2247,0.0405
11/7/2008,-0.2242,0.0427
11/14/2008,0.4487,
11/15/2008,-0.1829,0.123
11/22/2008,-0.2372,0.0618
11/23/2008,-0.2321,0.078
11/30/2008,,
12/9/2008,0.4849,0.4734
12/16/2008,,
12/25/2008,-0.0229,0.6957
1/1/2009,0.01,
1/9/2009,,
1/10/2009,,0.6056
1/17/2009,0.2429,0.5365
1/18/2009,-0.0968,0.5458
1/25/2009,-0.1037,0.4367
1/26/2009,,
2/2/2009,-0.037,0.3048
2/3/2009,-0.2092,0.1753
2/10/2009,,
2/11/2009,-0.1421,
2/18/2009,-0.1329,0.2689
2/19/2009,-0.2145,0.1389
2/26/2009,-0.2323,0.0915
2/27/2009,-0.2161,0.0915
3/6/2009,-0.2416,-0.0085
3/7/2009,-0.2051,0.4739
3/14/2009,-0.2501,-0.0304
3/15/2009,-0.235,-0.0126
3/22/2009,-0.241,-0.0347
3/23/2009,,
3/30/2009,-0.1538,0.1884
3/31/2009,-0.1922,0.1667
4/7/2009,-0.2117,0.0596
4/8/2009,-0.2495,-0.0133
4/15/2009,-0.248,-0.0658
4/16/2009,,
4/23/2009,-0.2217,-0.0034
4/24/2009,-0.1849,-0.0491
5/1/2009,-0.178,-0.0481
5/9/2009,,0.0156
5/10/2009,,
5/17/2009,-0.2208,-0.0907
5/18/2009,-0.1799,-0.065
5/25/2009,,
6/2/2009,,
6/3/2009,-0.1147,-0.0371
6/10/2009,,
6/18/2009,-0.1394,-0.0412
6/19/2009,-0.1534,-0.0404
6/27/2009,-0.1443,-0.041
7/4/2009,-0.1083,0.0701
7/5/2009,-0.0992,0.018
7/12/2009,-0.0656,-0.0293
7/13/2009,-0.1337,-0.0268
7/20/2009,,
7/21/2009,-0.111,-0.0019
7/28/2009,-0.0974,0.0572
7/29/2009,0.0211,
8/5/2009,-0.1394,-0.0248
8/6/2009,-0.0048,0.0198
8/13/2009,-0.08,0.0216
8/21/2009,-0.1476,-0.0228
8/29/2009,-0.106,0.0503
8/30/2009,-0.087,0.0097
9/7/2009,-0.1639,0.0127
9/14/2009,-0.1688,0.0152
9/15/2009,-0.1607,0.0107
9/22/2009,-0.1191,0.166
9/30/2009,-0.1911,-0.0039
10/1/2009,-0.2034,-0.0025
10/8/2009,,
10/9/2009,-0.1504,0.058
10/16/2009,-0.2198,0.012
10/17/2009,-0.2237,0.0037
10/24/2009,0.2739,0.5269
10/25/2009,,
11/1/2009,0.4792,0.5635
11/2/2009,-0.0009,0.3643
11/9/2009,,
11/10/2009,-0.2073,0.0875
11/17/2009,0.7519,0.7268
11/18/2009,0.7178,0.6967
11/25/2009,,0.4337
11/26/2009,-0.0882,0.4454
12/3/2009,0.5376,0.7095
12/4/2009,0.3652,0.6352
12/11/2009,0.5763,0.6469
12/12/2009,0.5029,0.6505
12/19/2009,0.173,0.5561
12/28/2009,0.6256,0.663
1/4/2010,0.2844,0.5401
1/12/2010,0.1654,0.5125
1/13/2010,-0.1045,
1/20/2010,,
1/21/2010,,
1/28/2010,0.6343,0.6413
1/29/2010,0.6355,0.6979
2/5/2010,,0.6774
2/6/2010,,
2/13/2010,0.7388,
2/14/2010,0.3188,0.6222
2/22/2010,,
3/1/2010,0.4187,
3/2/2010,0.1748,0.6884
3/9/2010,0.1111,0.5526
3/10/2010,0.2448,0.5447
3/17/2010,0.0052,0.469
3/18/2010,-0.0962,0.3622
3/25/2010,0.679,0.6206
3/26/2010,0.737,0.7123
4/2/2010,,
4/3/2010,-0.1468,0.0626
4/10/2010,-0.242,0.0781
4/11/2010,,
4/18/2010,,
4/19/2010,,-0.0554
4/26/2010,0.0031,0.4495
4/27/2010,-0.2171,-0.0249
5/4/2010,-0.2339,-0.0744
5/5/2010,-0.2083,-0.0529
5/12/2010,-0.1352,0.1491
5/20/2010,-0.2186,-0.0645
5/21/2010,-0.2059,-0.0696
5/28/2010,-0.2024,-0.0668
5/29/2010,-0.1527,-0.0653
6/5/2010,-0.0797,
6/6/2010,-0.174,-0.0334
6/13/2010,0.1439,0.1991
6/14/2010,-0.1227,0.0301
6/21/2010,-0.1748,-0.0365
6/22/2010,,0.013
6/29/2010,-0.1692,-0.023
6/30/2010,-0.1635,-0.0254
7/7/2010,-0.1514,0.0204
7/8/2010,-0.1498,0.0073
7/15/2010,-0.1745,-0.0231
7/16/2010,-0.1738,-0.0287
7/23/2010,,
7/24/2010,-0.0462,0.0255
7/31/2010,-0.1537,0.011
8/1/2010,-0.0937,
8/8/2010,-0.1339,0.007
8/9/2010,-0.0863,0.0141
8/16/2010,,
8/17/2010,-0.1593,-0.0122
8/24/2010,-0.0963,
8/25/2010,-0.1493,0.0016
9/1/2010,-0.1639,-0.0092
9/2/2010,-0.1698,-0.0126
9/9/2010,-0.1876,-0.0165
9/10/2010,-0.1714,0.0017
9/17/2010,-0.1849,-0.0026
9/18/2010,-0.1973,-0.0195
9/25/2010,-0.2184,-0.0238
9/26/2010,-0.1939,-0.0043
10/3/2010,-0.1968,0.0093
10/4/2010,,
10/11/2010,-0.2171,0.0138
10/19/2010,-0.1815,0.046
10/20/2010,-0.2303,0.0072
10/28/2010,-0.2141,0.0613
11/4/2010,-0.1804,0.0768
11/5/2010,-0.2275,0.0408
11/12/2010,-0.0429,0.2332
11/13/2010,-0.1267,0.1255
11/20/2010,-0.2187,0.0893
11/21/2010,-0.1469,0.0552
11/28/2010,-0.2375,0.0982
12/6/2010,,
12/7/2010,-0.2015,0.1974
12/14/2010,-0.2165,0.123
12/15/2010,,
12/22/2010,,
12/23/2010,-0.2228,0.1929
12/30/2010,,
12/31/2010,,
1/7/2011,0.5322,0.6857
1/8/2011,0.444,0.642
1/15/2011,0.506,
1/23/2011,0.2407,0.5627
1/24/2011,,
1/31/2011,,
2/1/2011,0.5367,0.5644
2/9/2011,0.6203,0.6844
2/16/2011,0.2321,0.5967
2/17/2011,0.0489,0.6221
2/24/2011,0.0005,0.6437
2/25/2011,,
3/4/2011,,
3/5/2011,,
3/12/2011,-0.2097,0.1733
3/13/2011,-0.2083,0.1681
3/20/2011,,
3/21/2011,-0.2261,-0.0037
3/28/2011,-0.0653,0.0196
3/29/2011,-0.2144,0.1517
4/5/2011,-0.2406,-0.0382
4/6/2011,,
4/13/2011,-0.2074,-0.028
4/14/2011,,
4/21/2011,-0.2108,-0.0506
4/22/2011,-0.2143,-0.0297
4/29/2011,-0.2171,-0.0345
4/30/2011,-0.2324,-0.0578
5/7/2011,-0.2251,-0.0631
5/8/2011,-0.2144,-0.0572
5/15/2011,,
5/16/2011,-0.2197,-0.0536
5/23/2011,-0.2096,0.0879
5/31/2011,-0.2044,-0.0525
6/1/2011,,
6/8/2011,-0.1992,-0.0594
6/9/2011,-0.1835,-0.0406
6/16/2011,-0.171,0.0351
6/17/2011,,
6/24/2011,-0.1922,-0.0292
6/25/2011,-0.1786,-0.0398
7/2/2011,-0.1845,-0.0368
7/3/2011,-0.1567,0.0485
7/10/2011,,
7/11/2011,-0.1811,-0.0241
7/18/2011,-0.1827,-0.028
7/19/2011,-0.1838,-0.043
7/26/2011,-0.1619,0.0048
7/27/2011,-0.1717,0.0179
8/3/2011,-0.1531,-0.0082
8/4/2011,-0.1025,0.0092
8/11/2011,-0.1757,-0.0333
8/12/2011,-0.1671,-0.0257
8/19/2011,,
8/20/2011,-0.1776,-0.028
8/27/2011,-0.1698,-0.0208
8/28/2011,-0.1636,-0.0169
9/4/2011,-0.1739,-0.0243
9/5/2011,-0.1091,-0.0448
9/12/2011,-0.1691,-0.0011
9/20/2011,-0.1746,0.0172
9/21/2011,-0.1771,-0.0087
9/28/2011,-0.1878,-0.0126
9/29/2011,-0.1787,-0.0028
10/6/2011,,
10/7/2011,-0.1967,0.0098
10/14/2011,-0.2004,0.0149
10/15/2011,-0.1302,0.0591
10/22/2011,-0.2105,0.0218
10/23/2011,-0.2086,0.0197
10/30/2011,-0.1556,0.367
10/31/2011,-0.2006,0.1522
11/7/2011,0.0364,0.5078
11/15/2011,-0.1478,0.2273
11/16/2011,-0.1887,0.2228
11/23/2011,-0.2076,0.1627
12/2/2011,0.6053,0.6444
12/9/2011,0.4703,0.6066
12/18/2011,0.1079,0.5756
12/25/2011,0.7681,0.6978
1/3/2012,,
1/10/2012,0.2105,0.4753
1/19/2012,0.1038,0.411
1/26/2012,-0.0725,0.3566
2/4/2012,0.6382,0.7237
2/11/2012,0.6027,0.6422
2/20/2012,0.1609,0.4795
2/27/2012,-0.0425,0.4236
3/7/2012,-0.1115,0.2271
3/14/2012,-0.1194,0.0829
3/23/2012,-0.2372,-0.02
3/30/2012,-0.2315,-0.0275
4/8/2012,-0.2227,-0.0436
4/15/2012,0.8694,0.8251
4/24/2012,-0.1744,-0.0387
5/1/2012,-0.117,-0.0102
5/10/2012,-0.1905,-0.0455
5/17/2012,,
5/26/2012,-0.1719,-0.0409
6/2/2012,-0.1675,-0.0249
6/11/2012,-0.1668,-0.032
6/18/2012,-0.186,-0.0486
6/27/2012,,
7/4/2012,-0.1976,-0.049
7/13/2012,-0.1944,-0.0727
7/20/2012,-0.1955,-0.0592
7/29/2012,-0.1119,-0.0354
8/5/2012,-0.1839,-0.047
8/21/2012,-0.1734,-0.0413
8/30/2012,-0.1748,-0.0387
9/6/2012,-0.184,-0.0471
9/15/2012,-0.1735,-0.0285
9/22/2012,-0.1849,-0.0245
10/1/2012,-0.1764,0.0069
10/8/2012,-0.2065,-0.0106
10/17/2012,-0.2059,0.0082
10/24/2012,-0.2218,0.0096
11/2/2012,,
11/9/2012,-0.2254,0.0374
11/18/2012,-0.2219,0.0603
11/25/2012,-0.2102,0.0349
12/4/2012,,
12/11/2012,0.6854,0.6826
12/20/2012,0.656,0.6579
12/27/2012,0.5555,0.6074
1/5/2013,0.7054,0.6859
1/12/2013,0.317,0.6038
1/21/2013,-0.0446,0.4863
1/28/2013,,
2/6/2013,-0.1658,0.1091
2/13/2013,,
2/22/2013,0.7039,0.6029
3/1/2013,0.5618,0.6919
3/10/2013,0.6834,0.6606
3/17/2013,-0.2209,0.1395
3/18/2013,-0.2126,0.0599
3/26/2013,0.3766,0.5317
4/2/2013,,
4/5/2013,,-0.057
4/11/2013,-0.1366,0.0484
4/18/2013,0.4802,0.6094
4/19/2013,-0.1876,0.2569
4/27/2013,-0.2338,-0.0774
5/4/2013,-0.2081,-0.0673
5/5/2013,,
5/12/2013,-0.1741,-0.0623
5/13/2013,-0.1221,-0.0344
5/20/2013,-0.1348,-0.0453
5/21/2013,-0.1634,-0.0519
5/28/2013,-0.0049,0.0602
5/29/2013,-0.1679,0.0099
6/5/2013,-0.1806,0.0584
6/6/2013,-0.1704,-0.0783
6/13/2013,-0.0863,0.0128
6/14/2013,-0.148,-0.0089
6/21/2013,-0.1902,-0.0703
6/22/2013,-0.1674,-0.0574
6/29/2013,,
6/30/2013,,-0.1001
7/7/2013,-0.0872,0.0248
7/8/2013,-0.1194,-0.0355
7/15/2013,,
7/16/2013,-0.1604,-0.0596
7/23/2013,-0.1729,-0.0636
7/24/2013,,
7/31/2013,-0.1381,-0.0207
8/1/2013,,
8/8/2013,-0.1036,-0.0066
8/9/2013,-0.1057,-0.0224
8/16/2013,-0.1198,-0.0194
8/17/2013,,
8/24/2013,-0.1303,-0.0315
8/25/2013,-0.1005,-0.0036
9/1/2013,-0.0342,0.0049
9/2/2013,-0.1198,-0.0174
9/9/2013,-0.111,-0.019
9/10/2013,,
9/17/2013,-0.1224,0.0015
9/18/2013,-0.0569,0.0117
9/25/2013,-0.157,-0.018
9/26/2013,-0.1338,-0.0002
10/3/2013,-0.144,0.0061
10/4/2013,-0.1471,0.0036
10/11/2013,,0.219
10/12/2013,-0.1591,0.0183
10/19/2013,-0.149,0.1288
10/20/2013,-0.0618,
10/27/2013,-0.2047,0.0073
10/28/2013,-0.131,0.106
11/4/2013,-0.1533,0.0505
11/5/2013,,
11/12/2013,-0.2058,0.0431
11/13/2013,-0.1885,0.0632
11/20/2013,-0.1906,0.0855
11/28/2013,-0.1624,0.2628
11/29/2013,-0.1847,0.2457
12/6/2013,0.7751,0.8569
12/7/2013,0.6697,0.5815
12/14/2013,0.3372,0.4899
12/15/2013,0.22,0.4812
12/22/2013,0.7208,0.7561
12/23/2013,0.2547,0.5019
12/30/2013,0.4541,0.6151
12/31/2013,0.0144,0.6245
1/7/2014,,
1/8/2014,0.7365,0.6749
1/15/2014,,
1/16/2014,,
1/23/2014,0.643,0.7902
1/24/2014,0.1577,0.4917
2/1/2014,,0.6651
2/8/2014,0.7511,0.8003
2/9/2014,0.6079,0.7083
2/16/2014,,
2/17/2014,-0.0794,0.4569
2/24/2014,-0.0979,0.3532
2/25/2014,-0.1463,0.2571
3/4/2014,-0.1473,0.1985
3/5/2014,0.6576,0.6876
3/12/2014,0.6491,0.7118
3/13/2014,-0.0198,0.3593
3/20/2014,-0.2184,0.1559
3/21/2014,-0.1865,
3/28/2014,-0.1976,0.0543
3/29/2014,-0.2148,0.0274
4/5/2014,,
4/6/2014,0.003,0.3071
4/14/2014,0.6408,0.7046
4/21/2014,-0.2216,0.008
4/22/2014,-0.1676,-0.0203
4/30/2014,-0.1349,-0.057
5/7/2014,-0.1244,-0.0727
5/8/2014,,0.0127
5/15/2014,-0.1085,
5/16/2014,-0.1574,-0.0067
5/23/2014,,
5/24/2014,-0.0034,0.0252
5/31/2014,-0.1632,-0.0465
6/1/2014,-0.1796,-0.0651
6/9/2014,-0.1257,-0.0204
6/16/2014,-0.1275,-0.0259
6/17/2014,-0.1495,-0.0464
6/24/2014,-0.0961,-0.0376
6/25/2014,-0.1243,-0.0207
7/2/2014,-0.1253,-0.0095
7/3/2014,-0.1624,-0.043
7/10/2014,-0.1597,0.0831
7/11/2014,,
7/18/2014,,
7/19/2014,-0.1455,-0.0109
7/26/2014,-0.1216,0.0588
7/27/2014,-0.1292,-0.0108
8/3/2014,-0.1239,-0.0118
8/4/2014,-0.0978,0.0301
8/11/2014,-0.1458,0.0171
8/12/2014,-0.1236,-0.0009
8/19/2014,-0.1075,-0.0053
8/20/2014,-0.0261,0.1
8/27/2014,-0.0613,-0.0041
8/28/2014,-0.0242,
9/4/2014,-0.0628,-0.0259
9/5/2014,-0.1104,0.0353
9/12/2014,-0.1339,0.1014
9/13/2014,-0.1372,0.0097
9/20/2014,-0.142,0.0105
9/21/2014,,0.1141
9/29/2014,-0.1339,-0.1133
10/6/2014,-0.0704,
10/7/2014,-0.1588,0.0172
10/14/2014,-0.1897,0.0218
10/15/2014,,
10/22/2014,,
10/23/2014,,
10/30/2014,-0.2193,0.0371
10/31/2014,-0.1871,0.0572
11/7/2014,,
11/8/2014,-0.2131,0.0507
11/15/2014,-0.0822,0.151
11/16/2014,0.6892,0.7658
11/23/2014,-0.076,
11/24/2014,,
12/1/2014,-0.2206,0.1096
12/2/2014,-0.15,0.0917
12/9/2014,,
12/10/2014,-0.2248,0.1179
12/17/2014,,
12/18/2014,0.0086,
12/25/2014,0.0392,0.521
1/2/2015,0.7351,0.7794
1/3/2015,,
1/10/2015,0.0783,0.4794
1/11/2015,,
1/18/2015,-0.0063,0.4027
1/19/2015,-0.0624,0.3638
1/26/2015,0.1689,0.5342
1/27/2015,-0.108,0.1466
2/3/2015,-0.1138,0.3378
2/4/2015,,
2/12/2015,,
2/19/2015,-0.1579,0.3138
2/20/2015,-0.1935,0.1978
2/27/2015,0.7955,0.8481
2/28/2015,,
3/7/2015,0.2624,0.5986
3/8/2015,0.1073,0.5046
3/15/2015,-0.2012,0.1313
3/16/2015,-0.2349,0.0608
3/23/2015,-0.2364,0.01
3/24/2015,-0.2136,0.0993
3/31/2015,-0.2191,-0.0187
4/1/2015,-0.0735,
4/8/2015,-0.1759,-0.0521
4/9/2015,-0.2063,-0.0264
4/16/2015,0.6238,0.6116
4/17/2015,0.754,0.7826
4/25/2015,-0.1662,-0.0098
5/2/2015,-0.144,-0.017
5/3/2015,,-0.015
5/10/2015,,
5/11/2015,0.231,0.812
5/18/2015,,
5/26/2015,0.04,
5/27/2015,-0.1369,
6/3/2015,-0.1141,-0.0246
6/4/2015,-0.1788,-0.0592
6/11/2015,,
6/12/2015,,
6/19/2015,-0.1239,-0.0084
6/20/2015,-0.1396,-0.0279
6/27/2015,-0.1408,-0.0231
6/28/2015,-0.108,0.0341
7/5/2015,,
7/6/2015,,
7/13/2015,-0.0444,0.0435
7/14/2015,-0.0715,0.017
7/21/2015,-0.0839,0.0027
7/22/2015,-0.0951,0.0047
7/29/2015,-0.1284,0.0025
7/30/2015,-0.1012,0.0132
8/6/2015,-0.1171,0.0094
8/7/2015,-0.0365,
8/14/2015,-0.1371,-0.0005
8/15/2015,-0.0917,0.048
8/22/2015,-0.1118,0.0268
8/23/2015,-0.1198,0.0341
8/30/2015,-0.1425,-0.001
8/31/2015,-0.0212,0.0907
9/7/2015,,
9/8/2015,0.0879,
9/15/2015,-0.1545,0.0693
9/16/2015,-0.1318,0.0365
9/23/2015,-0.1467,0.0402
9/24/2015,-0.1702,-0.0744
10/1/2015,,0.0249
10/2/2015,-0.1458,0.0371
10/9/2015,-0.0754,0.0935
10/10/2015,-0.1878,0.0341
10/17/2015,-0.1924,0.0343
10/18/2015,-0.1435,0.0584
10/25/2015,-0.1762,0.0849
10/26/2015,0.1407,
11/2/2015,-0.2154,0.0668
11/3/2015,-0.1878,0.0835
11/10/2015,-0.1945,0.1024
11/11/2015,0.6978,0.6872
11/18/2015,0.7295,0.7029
11/19/2015,0.7674,0.7716
11/26/2015,,
11/27/2015,0.6648,0.6208
12/4/2015,0.3862,0.6252
12/5/2015,,
12/13/2015,,
12/20/2015,0.388,0.6626
12/21/2015,0.4459,0.7203
12/28/2015,0.6906,0.7394
12/29/2015,0.5343,0.6086
1/5/2016,0.3438,0.6417
1/6/2016,0.4945,0.6366
1/13/2016,0.529,0.7178
1/14/2016,0.4703,0.6576
1/21/2016,0.2891,0.623
1/22/2016,0.0722,0.6452
1/29/2016,0.236,0.6113
1/30/2016,-0.0617,
2/6/2016,,
2/7/2016,0.8028,0.7992
2/14/2016,0.5953,
2/15/2016,,
2/22/2016,,
3/1/2016,-0.1073,0.2762
3/2/2016,,
3/9/2016,-0.1516,0.1281
3/10/2016,-0.2158,0.1367
3/17/2016,-0.2162,0.1363
3/18/2016,,
4/2/2016,0.0785,0.5646
4/3/2016,-0.2174,-0.011
4/10/2016,,
4/11/2016,-0.2007,0.0237
4/18/2016,,
4/19/2016,,
4/26/2016,0.1439,
4/27/2016,-0.1584,0.1303
5/4/2016,-0.2195,0.0012
5/5/2016,-0.2308,-0.0552
5/12/2016,-0.2302,-0.0569
5/13/2016,-0.197,-0.0421
5/20/2016,-0.0859,
5/21/2016,-0.181,-0.0468
5/28/2016,-0.1039,0.0312
5/29/2016,-0.1583,-0.0197
6/5/2016,-0.1449,0.0304
6/13/2016,-0.1036,0.0631
6/14/2016,-0.1181,0.0089
6/21/2016,-0.0724,0.0288
6/22/2016,-0.1396,-0.0034
6/29/2016,,
6/30/2016,-0.0059,
7/7/2016,-0.1339,0.0259
7/8/2016,-0.1495,-0.0117
7/15/2016,,0.0482
7/16/2016,-0.143,0.0062
7/23/2016,-0.1282,0.0324
7/24/2016,-0.1512,0.0566
7/31/2016,-0.1043,0.0443
8/1/2016,-0.1331,0.0447
8/8/2016,-0.0946,0.0518
8/9/2016,-0.1735,0.0047
8/16/2016,-0.1153,0.0212
8/17/2016,-0.1107,0.0703
8/24/2016,,
8/25/2016,-0.1761,0.0441
9/1/2016,-0.1765,0.0226
9/2/2016,,
9/9/2016,-0.1533,0.0396
9/10/2016,-0.1707,0.0238
9/17/2016,-0.1861,0.0325
9/18/2016,-0.1617,0.0421
9/25/2016,-0.1659,0.0699
9/26/2016,-0.1891,0.0311
10/3/2016,-0.2022,0.0445
10/4/2016,-0.1754,0.07
10/11/2016,-0.1687,0.0857
10/12/2016,-0.1521,0.0643
10/19/2016,-0.2097,0.0621
10/20/2016,-0.1851,0.0881
10/27/2016,-0.1916,0.0997
10/28/2016,,
11/4/2016,-0.1949,0.0954
11/5/2016,,
11/12/2016,-0.1822,0.1349
11/13/2016,,
11/20/2016,-0.0504,0.3294
11/21/2016,-0.151,0.1873
11/28/2016,-0.143,0.3255
11/29/2016,-0.1096,0.3415
12/6/2016,-0.1879,0.3321
12/7/2016,0.7016,0.8175
12/14/2016,-0.0705,0.3461
12/15/2016,,
12/23/2016,0.228,0.6332
12/30/2016,0.0011,0.5427
12/31/2016,-0.0479,0.4662
1/7/2017,0.6436,0.6802
1/8/2017,,
1/15/2017,,
1/23/2017,0.0846,0.4799
1/24/2017,,
1/31/2017,-0.0352,0.0765
2/1/2017,-0.1633,0.3563
2/9/2017,,
2/16/2017,-0.1597,0.2445
2/17/2017,-0.1003,
2/24/2017,,
2/25/2017,0.0159,0.4322
3/4/2017,-0.2043,0.0852
3/5/2017,,
3/13/2017,,
3/20/2017,-0.124,
3/21/2017,-0.1823,0.0537
3/28/2017,-0.1551,0.0973
3/29/2017,,
4/5/2017,0.6934,0.7694
4/6/2017,-0.1528,0.165
4/13/2017,-0.2276,-0.0174
4/14/2017,-0.2063,-0.0016
4/21/2017,-0.1587,
4/30/2017,0.6828,0.7691
5/7/2017,,
5/8/2017,,
5/15/2017,-0.1955,-0.0397
5/16/2017,-0.1809,-0.0147
5/23/2017,-0.1146,0.0888
5/24/2017,-0.1872,-0.0187
5/31/2017,-0.108,0.1196
6/1/2017,,
6/8/2017,,
6/9/2017,,
6/16/2017,-0.1686,0.0024
6/17/2017,-0.0614,
6/24/2017,-0.1566,0.0174
6/25/2017,-0.1708,0.0026
7/2/2017,,0.1169
7/3/2017,,
7/10/2017,-0.1533,0.0719
7/11/2017,-0.1021,0.0414
7/18/2017,,-0.0004
7/19/2017,-0.1676,0.0066
7/26/2017,,-0.0186
7/27/2017,-0.1621,0.0174
8/3/2017,,
8/4/2017,-0.1505,0.0105
8/11/2017,0.0153,
8/12/2017,-0.1439,0.0012
8/19/2017,-0.166,0.0313
8/20/2017,-0.1087,0.0614
8/27/2017,-0.1383,0.0145
8/28/2017,-0.16,-0.0055
9/4/2017,-0.1105,0.005
9/5/2017,-0.1351,0.0228
9/12/2017,-0.1493,0.0182
9/20/2017,-0.181,0.0049
9/21/2017,-0.1549,0.0253
9/28/2017,,
9/29/2017,-0.152,0.0789
10/6/2017,-0.1768,0.0947
10/7/2017,-0.1675,0.042
10/14/2017,-0.1759,0.0537
10/15/2017,-0.2053,0.0367
10/22/2017,-0.1502,0.0057
10/23/2017,-0.184,
10/30/2017,,
10/31/2017,-0.1929,0.0998
11/7/2017,-0.1092,
11/8/2017,0.0014,0.424
11/15/2017,-0.1715,0.0698
11/16/2017,,
11/23/2017,,
11/24/2017,,
12/1/2017,-0.1986,0.1441
12/2/2017,-0.2154,0.1246
12/9/2017,-0.2239,0.1552
12/10/2017,-0.1995,0.1614
12/17/2017,-0.0637,0.2423
12/18/2017,-0.1892,0.2553
12/25/2017,-0.1928,0.1937
12/26/2017,-0.1785,0.1956
1/2/2018,-0.1941,0.1787
1/3/2018,-0.1993,0.1365
1/10/2018,,
1/11/2018,-0.0194,0.362
1/18/2018,-0.1518,
1/19/2018,,
1/26/2018,,
1/27/2018,,
2/3/2018,,
2/4/2018,-0.213,0.1335
2/11/2018,0.7437,0.7518
2/12/2018,,
2/19/2018,-0.0861,0.1749
2/20/2018,0.6435,0.6964
2/27/2018,-0.1712,0.3278
2/28/2018,-0.165,0.2568
3/7/2018,-0.2126,0.0746
3/8/2018,-0.2312,0.051
3/15/2018,0.0757,
3/16/2018,-0.1907,0.0367
3/23/2018,,
3/24/2018,-0.206,0.0092
3/31/2018,-0.1889,0.0248
4/1/2018,-0.1869,0.0147
4/8/2018,-0.2118,0.0196
4/9/2018,-0.2086,-0.0038
4/16/2018,-0.1971,-0.0295
4/17/2018,-0.2039,-0.0204
4/24/2018,,
4/25/2018,-0.1495,0.2339
5/2/2018,-0.0732,-0.0124
5/3/2018,,
5/11/2018,-0.1754,-0.0368
5/18/2018,-0.1878,-0.0391
5/19/2018,,
5/26/2018,0.0029,0.074
5/27/2018,-0.142,-0.0343
6/3/2018,,
6/4/2018,-0.1589,-0.023
6/11/2018,-0.1721,-0.0288
6/12/2018,-0.1785,-0.0453
6/19/2018,-0.1648,-0.0165
6/20/2018,-0.1497,0.0094
6/27/2018,-0.167,0.0093
6/28/2018,-0.1494,-0.0552
7/5/2018,-0.166,0.0111
7/6/2018,-0.1436,-0.0278
7/13/2018,-0.0944,-0.0053
7/14/2018,-0.1624,-0.0587
7/21/2018,-0.178,-0.0391
7/22/2018,-0.0936,
7/29/2018,-0.1324,-0.0243
7/30/2018,-0.1541,-0.0115
8/6/2018,-0.1537,-0.0451
8/7/2018,-0.1326,-0.0349
8/14/2018,-0.1375,-0.0243
8/15/2018,,
8/22/2018,-0.0512,
8/23/2018,-0.1261,-0.02
8/30/2018,-0.1567,-0.025
9/7/2018,-0.1639,-0.0118
9/8/2018,-0.1523,-0.0129
9/15/2018,-0.1667,-0.0159
9/16/2018,-0.1852,-0.0294
9/23/2018,-0.1987,-0.0328
9/24/2018,,
10/1/2018,-0.0702,0.0822
10/2/2018,,
10/17/2018,,
10/18/2018,-0.1867,0.0229
10/25/2018,-0.2048,0.0697
10/26/2018,-0.1929,0.0348
11/2/2018,0.0111,0.5844
11/3/2018,-0.0496,0.2546
11/10/2018,-0.2225,0.1173
11/18/2018,0.0998,0.3968
11/19/2018,-0.1325,0.2684
11/26/2018,0.0919,0.4593
11/27/2018,,
12/4/2018,0.0069,0.5367
12/5/2018,-0.1359,0.2904
12/12/2018,-0.1512,0.2081
12/13/2018,-0.1502,0.2491
12/20/2018,-0.1728,0.2016
12/21/2018,-0.0747,
12/28/2018,-0.1134,0.4234
12/29/2018,-0.1088,0.34
1/5/2019,0.0896,0.379
1/6/2019,-0.0846,0.3011
1/13/2019,0.7383,0.7369
1/14/2019,0.8122,0.8097
1/21/2019,0.3951,0.6957
1/22/2019,,
1/29/2019,0.6407,0.6536
1/30/2019,0.5855,0.696
2/7/2019,0.6115,0.648
2/15/2019,-0.1348,0.5554
2/22/2019,0.2305,0.582
2/23/2019,0.6756,0.6624
3/2/2019,-0.0487,0.4377
3/3/2019,0.8189,0.7412
3/10/2019,-0.1647,0.3337
3/11/2019,,
3/18/2019,0.6536,0.7321
3/19/2019,0.4234,0.6084
3/26/2019,,
3/27/2019,-0.154,-0.0033
4/4/2019,,
4/11/2019,,
4/12/2019,,
4/19/2019,-0.251,-0.0764
4/20/2019,,
4/27/2019,-0.2237,-0.0701
4/28/2019,-0.2206,-0.0747
5/5/2019,-0.2263,0.0047
5/6/2019,-0.1638,
5/13/2019,-0.1866,-0.0313
5/14/2019,0.1221,
5/22/2019,,
5/29/2019,,
5/30/2019,-0.193,0.0256
6/6/2019,-0.1927,-0.0282
6/7/2019,-0.1693,-0.0529
6/14/2019,-0.1193,
6/15/2019,-0.1148,0.0837
6/22/2019,-0.1658,-0.0032
6/23/2019,,
6/30/2019,-0.1589,0.0655
7/1/2019,,
7/9/2019,-0.16,-0.0344
7/16/2019,-0.1515,-0.025
7/17/2019,-0.1688,0.0647
7/24/2019,-0.1704,-0.0318
7/25/2019,-0.1128,-0.0382
8/1/2019,,
8/2/2019,-0.1635,-0.0211
8/9/2019,-0.1658,-0.0342
8/17/2019,-0.0152,
8/18/2019,-0.1729,-0.0344
8/25/2019,-0.1755,-0.0345
8/26/2019,-0.1627,-0.0233
9/2/2019,-0.1722,-0.023
9/3/2019,-0.1885,-0.0284
9/10/2019,-0.11,0.0013
9/11/2019,-0.1669,-0.0093
9/18/2019,-0.1468,
9/19/2019,-0.1906,-0.017
9/26/2019,-0.0989,0.024
9/27/2019,-0.1633,-0.007
10/4/2019,-0.1631,0.047
10/5/2019,-0.1313,
10/12/2019,-0.1554,0.0593
10/13/2019,-0.1914,0.0214
10/20/2019,-0.1801,0.1011
11/5/2019,-0.0377,0.2225
11/6/2019,-0.1004,0.2336
11/13/2019,-0.093,
11/14/2019,-0.1556,0.1532
11/29/2019,0.1572,0.5914
12/7/2019,-0.0692,0.4071
12/31/2019,0.1542,0.6562
1/8/2020,-0.0893,0.3747
1/9/2020,-0.11,0.266
1/24/2020,-0.1136,0.3165
1/25/2020,-0.1563,0.3082
2/2/2020,-0.1336,0.6689
2/10/2020,0.7473,
2/17/2020,0.2649,0.5714
2/26/2020,0.1103,0.5507
3/4/2020,-0.0774,0.259
3/5/2020,-0.0915,0.1978
3/21/2020,0.0795,
3/28/2020,0.0953,
4/5/2020,-0.2512,0.0582
4/6/2020,-0.23,0.0209
4/13/2020,0.0794,
4/14/2020,0.0971,
4/21/2020,-0.2419,-0.0163
4/29/2020,-0.2283,-0.0699
5/7/2020,-0.237,-0.0767
5/8/2020,-0.211,-0.0684
5/16/2020,-0.2193,
5/23/2020,-0.1905,-0.0351
5/31/2020,-0.1799,-0.0499
6/1/2020,-0.1995,-0.0577
6/8/2020,-0.1996,-0.0459
6/16/2020,-0.1331,-0.0161
6/17/2020,-0.1787,-0.0277
6/24/2020,-0.09,
7/2/2020,-0.1801,-0.0146
7/3/2020,-0.1259,0.0788
7/10/2020,-0.2028,-0.0502
7/11/2020,-0.1795,-0.0441
7/19/2020,-0.1213,0.0302
7/26/2020,-0.1872,0.0035
7/27/2020,-0.059,
8/3/2020,-0.1658,-0.0272
8/11/2020,-0.1968,0.1441
8/12/2020,0.007,
8/19/2020,-0.1542,-0.027
8/20/2020,-0.1613,0.0582
8/27/2020,-0.2,-0.0129
8/28/2020,-0.1117,0.0275
9/4/2020,-0.1919,-0.0295
9/5/2020,-0.2056,-0.026
9/12/2020,-0.2134,-0.0132
9/13/2020,-0.19,-0.0183
9/20/2020,-0.169,0.0044
9/21/2020,-0.2035,-0.0107
9/28/2020,-0.2076,0.0189
9/29/2020,-0.1979,-0.006
10/6/2020,-0.2006,0.0027
10/7/2020,-0.215,0.0032
10/14/2020,-0.2259,0.011
10/22/2020,-0.2055,0.0347
10/30/2020,-0.0959,0.295
10/31/2020,-0.1661,0.2043
11/8/2020,-0.2038,0.1187
11/15/2020,-0.2129,0.1276
11/16/2020,-0.2014,0.0977
11/23/2020,-0.1468,0.1012
12/9/2020,0.0108,0.4167
12/17/2020,0.141,0.289
12/25/2020,-0.1006,0.4092
12/26/2020,-0.1358,0.3828
1/2/2021,0.0805,0.5135
1/3/2021,-0.0037,0.5031
1/10/2021,0.2351,0.8544
1/11/2021,-0.0553,0.4773
1/18/2021,-0.0362,0.2107
1/27/2021,0.7191,
2/3/2021,-0.1481,0.3234
2/4/2021,0.0853,
2/11/2021,-0.1791,0.2346
2/12/2021,-0.1783,0.2597
2/19/2021,0.1104,0.5247
2/20/2021,-0.0184,0.2557
2/28/2021,-0.1061,0.2602
3/7/2021,-0.0921,0.2574
3/24/2021,0.1816,
3/31/2021,-0.1314,0.1811
4/1/2021,-0.1899,0.1608
4/8/2021,0.0479,
4/9/2021,-0.2315,0
4/24/2021,-0.2539,-0.0254
4/25/2021,-0.2332,-0.0542
5/2/2021,-0.2118,-0.0543
5/19/2021,-0.2104,-0.0289
5/26/2021,-0.0095,
5/27/2021,-0.1962,-0.0698
6/3/2021,-0.1854,-0.0547
6/4/2021,-0.1973,-0.0494
6/11/2021,-0.178,-0.0324
6/12/2021,-0.1673,-0.0486
6/19/2021,-0.0149,
6/20/2021,-0.1701,-0.0078
7/5/2021,-0.152,-0.0336
7/6/2021,-0.1544,-0.013
7/13/2021,0.1639,0.089
7/21/2021,-0.1437,-0.0186
7/22/2021,-0.1399,0.0296
7/29/2021,-0.1552,0.0088
7/30/2021,-0.1442,-0.0214
8/6/2021,-0.0976,-0.0555
8/7/2021,-0.044,
8/14/2021,-0.1441,0.0178
8/15/2021,-0.1033,0.0105
8/22/2021,-0.1472,0.001
8/23/2021,-0.1356,0.0081
8/30/2021,-0.1513,0.0486
8/31/2021,-0.1556,0.0142
9/7/2021,-0.1344,0.0053
9/8/2021,-0.1507,0.0433
9/15/2021,-0.1786,0.0151
9/16/2021,-0.1685,-0.001
9/24/2021,-0.1698,0.0465
10/1/2021,0.0518,0.2103
10/2/2021,-0.1225,0.165
10/9/2021,-0.1753,0.0265
10/10/2021,-0.1813,0.0589
10/17/2021,-0.2036,0.059
10/18/2021,-0.1552,-0.0403
