DateTime," NDVI (Landsat 4/5/7/8 SR) at Polygon 1, 1984-01-01 to 2019-08-15"," NDVI (Landsat 4/5/7/8 SR) at Polygon 2, 1984-01-01 to 2019-08-15"
4/10/1984,0.2002,0.0964
5/12/1984,0.3805,
6/6/1984,0.3847,0.3922
6/13/1984,0.3943,
6/22/1984,0.4282,0.4387
6/29/1984,0.4191,0.4334
7/8/1984,0.3757,0.4187
7/15/1984,0.4106,0.4122
7/24/1984,,
8/25/1984,0.4649,0.4659
11/4/1984,0.4084,0.322
11/13/1984,0.4436,0.3906
11/20/1984,0.4616,0.4167
12/22/1984,0.3833,0.3466
1/7/1985,,0.1661
1/16/1985,0.3903,0.3381
1/23/1985,0.3963,0.2957
2/1/1985,0.2051,0.2026
2/8/1985,0.2846,0.2601
2/17/1985,,
4/6/1985,0.3626,0.3063
4/13/1985,0.3541,0.3441
5/8/1985,0.3951,0.4023
5/24/1985,0.3944,0.4017
7/27/1985,0.4476,0.4688
8/12/1985,0.4529,0.4686
8/28/1985,0.4473,0.4602
9/4/1985,0.1867,0.3158
9/13/1985,0.432,0.4496
10/15/1985,0.436,0.4004
10/22/1985,0.4463,0.4632
10/31/1985,,
11/16/1985,0.2023,0.2023
11/23/1985,0.3567,0.3229
12/2/1985,0.2525,0.2556
12/9/1985,,
1/3/1986,0.3887,0.3582
1/10/1986,0.3352,0.3346
1/19/1986,,
1/26/1986,0.462,0.4436
2/4/1986,0.4457,0.3804
2/27/1986,0.2578,
3/8/1986,,
3/15/1986,,0.3102
3/31/1986,,0.3608
4/9/1986,0.3525,0.3156
4/25/1986,0.3787,0.3928
5/2/1986,,0.2697
5/11/1986,0.3839,0.396
5/18/1986,0.3655,0.4054
6/3/1986,,0.3388
6/12/1986,0.4139,0.4328
6/19/1986,0.4157,0.423
6/28/1986,0.3999,0.4399
7/5/1986,,
7/14/1986,0.4259,0.458
7/21/1986,,0.3179
7/30/1986,0.4268,0.4555
8/6/1986,0.4424,0.4717
8/15/1986,0.4397,0.4697
8/22/1986,,0.4216
8/31/1986,0.456,0.4777
9/7/1986,,
9/16/1986,0.3061,
9/23/1986,0.3816,0.4521
10/2/1986,0.4322,0.4497
10/9/1986,0.4433,0.4669
10/18/1986,0.4438,0.4684
10/25/1986,0.4551,0.4828
11/10/1986,0.3139,0.2745
11/26/1986,0.2901,0.273
12/12/1986,0.2402,0.2306
12/21/1986,0.3229,0.2633
12/28/1986,0.3145,0.28
1/6/1987,0.3712,0.2739
1/13/1987,0.3409,0.2975
1/22/1987,0.2465,0.2314
1/29/1987,0.3071,0.2551
2/7/1987,0.3639,0.2595
3/2/1987,0.1578,0.1432
4/3/1987,0.2644,0.194
4/19/1987,0.3833,0.3628
4/28/1987,0.385,0.393
5/5/1987,,
5/14/1987,0.39,0.4091
5/30/1987,0.4075,0.4276
6/6/1987,0.3821,0.3766
6/15/1987,0.4307,0.4562
6/22/1987,0.4358,0.4691
7/1/1987,0.444,0.4749
7/24/1987,0.45,0.4182
8/2/1987,0.4622,0.4863
8/9/1987,0.2764,0.4244
8/18/1987,0.4641,0.4788
8/25/1987,0.4529,0.448
9/3/1987,0.4712,0.4847
9/10/1987,0.4564,0.4731
9/19/1987,0.4592,0.4732
9/26/1987,0.4382,0.4591
10/5/1987,0.3757,0.3737
10/12/1987,0.4606,0.4702
10/21/1987,0.4615,0.4712
11/14/1987,0.3022,0.4784
3/4/1988,,
3/20/1988,,
3/29/1988,0.1298,0.12
4/5/1988,0.3609,0.3346
4/14/1988,,
4/21/1988,0.3924,0.4092
4/30/1988,0.3272,0.408
5/7/1988,0.3902,0.4074
5/16/1988,0.3973,0.4079
5/23/1988,0.3913,0.3945
6/1/1988,0.321,0.3864
6/8/1988,0.3897,0.4305
6/17/1988,0.4316,0.4545
6/24/1988,0.4342,0.4666
7/3/1988,0.4389,0.4698
7/26/1988,0.4074,0.4568
7/27/1988,0.4387,0.4766
8/11/1988,0.4349,0.3957
8/27/1988,0.4285,0.3456
9/5/1988,0.4712,0.4987
9/21/1988,0.3658,
9/28/1988,0.4063,0.458
10/7/1988,0.4302,0.4471
10/14/1988,0.4585,0.4816
10/23/1988,0.4687,0.4925
10/30/1988,0.4613,0.4841
4/1/1989,,
4/8/1989,0.3578,0.4152
4/17/1989,0.376,0.3903
4/24/1989,0.3943,0.4301
5/3/1989,0.3792,0.3091
5/10/1989,,
5/26/1989,,
6/11/1989,,
6/20/1989,0.307,0.3207
7/5/1989,0.4343,0.4628
7/13/1989,0.4587,0.4901
7/14/1989,0.4143,0.4756
7/22/1989,0.362,0.4483
7/29/1989,0.4421,0.4731
8/7/1989,0.45,0.4807
8/14/1989,0.4683,0.4968
8/15/1989,0.4558,0.4928
8/23/1989,0.4507,0.4842
8/30/1989,0.4506,0.4929
8/31/1989,0.4303,0.4701
9/7/1989,0.4336,0.4701
9/8/1989,0.4078,0.4227
9/15/1989,0.4622,0.4994
9/24/1989,0.4514,0.481
10/1/1989,0.4627,0.4876
10/10/1989,0.455,0.4783
10/17/1989,,
2/15/1990,0.1691,0.1639
3/26/1990,0.3513,0.338
4/4/1990,0.3861,0.3718
4/11/1990,,0.3756
4/20/1990,0.414,0.3993
4/27/1990,,
5/6/1990,0.4025,0.4018
5/13/1990,0.3656,
5/22/1990,0.3907,0.4078
6/23/1990,0.4224,0.4476
7/9/1990,0.4616,0.4789
8/10/1990,0.3775,0.4439
9/2/1990,0.4551,0.4941
9/11/1990,0.4831,0.503
9/27/1990,,
10/4/1990,,
10/13/1990,0.482,0.4987
10/29/1990,0.4919,0.5092
3/22/1991,0.1152,0.1448
3/29/1991,,
4/7/1991,,
4/14/1991,0.2102,0.1893
4/23/1991,,
4/30/1991,0.1465,0.194
5/9/1991,,
5/25/1991,0.4177,0.4341
6/1/1991,,
6/10/1991,0.4115,0.4024
6/17/1991,0.4345,0.4753
6/26/1991,0.4139,0.4563
7/3/1991,0.4374,0.4824
7/12/1991,0.4629,0.3854
7/19/1991,0.4525,0.4373
7/28/1991,0.4647,0.5098
8/4/1991,,
8/20/1991,,0.4844
8/29/1991,0.4861,0.532
9/5/1991,0.4265,0.51
9/14/1991,0.4653,0.5092
9/21/1991,0.4596,0.5037
10/7/1991,0.4176,0.4761
10/16/1991,0.4432,0.4795
10/23/1991,,0.2551
1/20/1992,0.2528,0.2292
3/15/1992,0.2585,0.1848
3/24/1992,0.2315,0.186
3/31/1992,,
4/9/1992,0.3173,0.3538
4/16/1992,0.27,
4/25/1992,0.3693,0.4007
5/2/1992,0.2242,
5/11/1992,0.365,0.4013
5/18/1992,0.3197,0.2966
6/3/1992,0.32,0.3831
6/4/1992,0.3612,0.4052
6/11/1992,0.2934,0.3005
6/12/1992,0.408,0.453
6/19/1992,0.4026,0.441
6/20/1992,0.3489,
6/28/1992,0.3046,0.4152
7/5/1992,0.4251,0.4671
7/6/1992,0.4413,0.4743
7/21/1992,0.4367,0.4655
7/30/1992,0.4377,0.463
8/15/1992,0.4443,0.4696
8/22/1992,0.4216,0.3836
8/31/1992,,
9/7/1992,0.4221,0.4606
9/16/1992,0.3877,0.3978
9/23/1992,0.4468,0.4765
10/2/1992,0.4248,0.4451
10/9/1992,0.4099,0.4255
10/18/1992,0.3936,0.457
10/25/1992,0.3512,0.391
11/3/1992,,
11/10/1992,0.1803,0.2645
11/26/1992,0.1779,0.1691
12/12/1992,,
12/21/1992,0.2551,0.2442
1/6/1993,0.259,0.2338
1/13/1993,0.2769,0.2494
1/22/1993,0.2988,0.2669
1/29/1993,,
2/7/1993,,
2/14/1993,,0.1493
2/23/1993,0.2896,0.2335
3/2/1993,0.2987,0.2331
3/18/1993,,
4/3/1993,,
4/12/1993,0.3781,0.3961
4/19/1993,,0.313
4/28/1993,0.3725,0.3957
5/5/1993,,
5/14/1993,0.3668,0.341
5/30/1993,0.3174,0.358
6/6/1993,,
6/15/1993,0.4153,0.4088
6/22/1993,0.4223,0.4607
7/1/1993,0.4236,0.4629
7/8/1993,0.2974,0.4062
7/17/1993,,
7/24/1993,,0.4496
8/2/1993,0.4479,0.4725
8/9/1993,0.4554,0.4859
8/18/1993,0.3516,0.4124
8/25/1993,0.4312,0.4787
9/3/1993,0.479,0.51
9/10/1993,0.451,0.4775
9/19/1993,0.4105,0.4847
9/26/1993,0.4578,0.4864
10/5/1993,0.4374,0.4589
10/12/1993,0.3911,0.4306
10/21/1993,0.4626,0.483
10/28/1993,0.1224,
11/6/1993,0.2439,0.1596
11/13/1993,0.339,0.2892
11/22/1993,0.3517,0.3375
11/29/1993,0.4198,0.3854
12/8/1993,0.2471,0.3046
12/24/1993,,
1/9/1994,0.3966,0.3605
1/16/1994,,
1/25/1994,,
2/1/1994,0.178,0.1631
2/10/1994,0.2588,
2/17/1994,,
2/26/1994,0.3317,0.2984
3/14/1994,0.3714,0.3765
3/21/1994,0.4348,0.4272
3/30/1994,0.1431,0.1288
4/6/1994,0.0992,0.0905
4/15/1994,0.3505,0.3222
4/22/1994,0.3967,0.4109
5/1/1994,,
5/8/1994,0.4014,0.4339
5/17/1994,0.3837,0.4078
5/24/1994,0.316,0.3674
6/2/1994,0.4288,0.4139
6/9/1994,0.4404,0.4736
6/18/1994,0.4393,0.4741
6/25/1994,0.4165,0.3753
7/4/1994,0.4414,0.4723
7/11/1994,0.4226,0.4584
8/5/1994,,0.4093
8/12/1994,0.484,0.5144
8/21/1994,0.4737,0.4925
9/6/1994,0.4377,0.5137
9/13/1994,,
9/22/1994,0.4895,0.5214
9/29/1994,,
10/8/1994,0.4159,0.382
10/15/1994,,
10/24/1994,0.3715,0.433
10/31/1994,0.3307,0.387
11/9/1994,0.2983,0.2355
11/16/1994,0.1972,0.3197
11/25/1994,0.4435,0.378
12/2/1994,0.511,0.4966
12/11/1994,,
12/18/1994,0.4776,0.4548
12/27/1994,0.5103,0.5141
1/3/1995,0.3395,0.3041
1/12/1995,,
1/19/1995,0.5003,0.4822
1/28/1995,0.3812,0.2393
2/4/1995,0.3754,0.2571
2/13/1995,0.1361,0.1659
2/20/1995,0.3753,0.3005
3/8/1995,,
3/17/1995,,
3/24/1995,0.3803,0.4285
4/2/1995,0.2618,
4/18/1995,,
4/25/1995,0.2539,0.1179
5/4/1995,0.2867,0.2617
5/11/1995,,
6/5/1995,0.4195,0.4094
6/12/1995,0.4326,0.4662
6/21/1995,0.4442,0.4755
6/28/1995,0.3785,0.4041
7/7/1995,0.4713,0.501
7/23/1995,0.3712,0.4933
7/30/1995,0.4148,0.5089
8/8/1995,,
8/15/1995,0.5191,0.5575
8/24/1995,0.533,0.5509
8/31/1995,0.5387,0.5737
9/9/1995,0.3516,
9/16/1995,0.515,0.5432
9/25/1995,0.5621,0.5806
10/2/1995,0.5332,0.562
10/11/1995,0.5111,0.5316
10/18/1995,0.5122,0.5524
11/3/1995,0.5406,0.5693
11/19/1995,0.3402,0.483
12/5/1995,0.5318,0.5542
12/14/1995,0.539,0.5588
12/21/1995,0.4044,0.3202
1/31/1996,0.2979,0.3205
2/7/1996,0.3302,0.3072
2/16/1996,0.5052,0.4949
2/23/1996,0.4997,0.5143
3/3/1996,0.4716,0.4501
3/10/1996,,
3/19/1996,0.3077,0.2347
3/26/1996,0.3695,0.3715
4/11/1996,0.4304,0.4523
4/27/1996,,
5/6/1996,0.4401,0.4423
5/13/1996,0.4105,0.4493
5/22/1996,0.4247,0.4518
5/29/1996,0.4564,0.4886
6/7/1996,0.4405,0.4682
6/14/1996,,
6/23/1996,0.4635,0.4887
6/30/1996,0.3657,0.4266
7/16/1996,0.472,0.5104
7/25/1996,0.4713,0.4787
8/1/1996,0.469,0.5035
8/10/1996,0.5085,0.533
8/17/1996,0.4796,0.5151
8/26/1996,0.4794,0.4873
9/2/1996,,
9/11/1996,0.4787,0.4831
9/18/1996,0.5264,0.559
9/27/1996,0.1611,0.1389
10/4/1996,0.4647,0.4926
10/13/1996,0.5053,0.529
10/20/1996,0.2593,0.3352
10/29/1996,,
11/14/1996,,
11/21/1996,,
11/30/1996,,
12/7/1996,0.3067,0.2797
12/16/1996,,
12/23/1996,0.2358,0.2778
1/1/1997,,
1/8/1997,0.2948,0.3126
1/17/1997,0.3645,0.3447
1/24/1997,0.4927,0.4781
2/2/1997,0.5126,0.5201
2/9/1997,0.3961,0.3866
2/18/1997,0.4513,0.4572
2/25/1997,0.1767,0.1479
3/6/1997,0.2823,0.2314
3/22/1997,0.2886,0.4382
3/29/1997,,
4/7/1997,0.2251,0.2068
4/14/1997,,
4/23/1997,,
4/30/1997,0.398,0.4388
5/9/1997,0.4097,0.433
5/16/1997,0.4122,0.4432
5/25/1997,0.4424,
6/1/1997,0.4234,0.451
6/10/1997,0.4145,0.4483
6/17/1997,,
6/26/1997,0.4787,0.513
7/3/1997,0.4611,0.5
7/12/1997,0.4584,0.4869
7/19/1997,,
8/13/1997,0.4997,0.5326
8/20/1997,0.5204,0.5602
8/29/1997,0.4463,0.5279
9/5/1997,0.5136,0.5581
9/14/1997,0.5069,0.5415
9/30/1997,0.515,0.5421
10/7/1997,0.3796,0.3799
10/16/1997,0.5067,0.5305
11/1/1997,0.2797,0.2257
11/17/1997,0.3313,0.2961
11/24/1997,0.3947,0.3513
12/3/1997,0.2063,0.1961
12/26/1997,0.2406,0.2325
1/4/1998,0.3304,0.2982
1/11/1998,,
1/20/1998,,
1/27/1998,0.3113,0.2621
2/5/1998,0.233,0.2061
2/12/1998,0.3093,0.2536
2/28/1998,0.2888,0.2212
3/9/1998,0.2026,0.1876
3/16/1998,,
3/25/1998,0.3628,0.3309
4/1/1998,0.312,0.2224
4/10/1998,0.3184,
4/17/1998,0.1287,0.116
5/3/1998,0.378,0.417
5/12/1998,0.4315,0.432
5/19/1998,0.4034,0.4367
5/28/1998,0.4332,0.4518
6/4/1998,0.3866,
6/13/1998,0.432,0.4544
6/20/1998,0.4355,0.4682
6/29/1998,0.4413,0.4711
7/15/1998,0.4591,0.491
7/22/1998,,0.4322
7/31/1998,,
8/7/1998,0.4832,0.5162
8/16/1998,0.4893,0.5048
8/23/1998,0.4926,0.5256
9/1/1998,,
9/8/1998,0.487,0.5171
9/17/1998,0.516,0.5427
9/24/1998,0.5132,0.541
10/3/1998,0.3852,0.3662
10/10/1998,0.4946,0.5205
10/19/1998,0.4879,0.5093
11/4/1998,0.3769,0.3492
11/11/1998,0.2474,0.2454
11/20/1998,,
11/27/1998,0.5332,0.5648
12/6/1998,0.2841,0.2819
12/13/1998,0.3629,0.3282
12/22/1998,0.2629,0.2902
12/29/1998,0.3228,0.2812
1/7/1999,0.3828,0.3024
1/14/1999,,
1/23/1999,0.2931,0.2781
1/30/1999,,
2/8/1999,0.4893,0.4729
2/24/1999,0.3347,0.369
3/19/1999,0.4141,0.4333
3/28/1999,0.4179,0.4351
4/4/1999,0.1322,0.1343
4/20/1999,0.4048,0.4313
5/6/1999,0.3992,0.4306
5/15/1999,0.3966,0.4237
5/22/1999,0.4043,0.4234
5/31/1999,0.3393,0.4096
6/7/1999,0.4281,0.4631
6/23/1999,0.4435,0.4838
7/1/1999,0.4544,0.4974
7/2/1999,,
7/9/1999,,
7/10/1999,0.4839,0.5013
7/17/1999,0.4989,0.4814
7/18/1999,,0.4829
7/25/1999,,
7/26/1999,0.4776,0.5277
8/2/1999,0.4913,0.5446
8/3/1999,0.4444,0.514
8/10/1999,0.3269,
8/11/1999,,
8/18/1999,0.4986,0.5514
8/19/1999,0.4915,0.5325
8/26/1999,0.4947,0.546
8/27/1999,0.5102,0.5537
9/3/1999,0.5018,0.5131
9/4/1999,0.4899,0.5342
9/11/1999,,
9/12/1999,0.4763,0.5308
9/27/1999,0.3903,0.4281
9/28/1999,,
10/5/1999,0.4779,0.5183
10/6/1999,,
10/13/1999,0.4815,0.5202
10/14/1999,0.4869,0.5182
10/21/1999,0.4853,0.4418
10/22/1999,0.4772,0.4821
10/29/1999,,0.2304
10/30/1999,0.5075,0.5444
11/6/1999,0.525,0.5629
11/7/1999,0.4745,0.5013
11/14/1999,0.5164,0.5508
11/15/1999,0.5263,0.563
11/23/1999,0.1306,0.1265
11/30/1999,,
12/1/1999,0.5065,0.4973
12/8/1999,,
12/17/1999,0.2881,0.2796
12/24/1999,0.3428,0.3511
12/25/1999,0.3754,0.3529
1/2/2000,0.2103,0.2104
1/9/2000,0.3361,0.3177
1/10/2000,,
1/17/2000,,
1/18/2000,0.196,
1/26/2000,,
2/2/2000,0.1652,0.1602
2/3/2000,0.289,0.2689
2/10/2000,,
2/11/2000,0.1859,
2/18/2000,0.1473,0.1453
2/19/2000,0.3339,0.2859
2/26/2000,0.4443,0.3805
2/27/2000,0.2738,0.2772
3/5/2000,0.4072,0.3008
3/6/2000,0.4599,0.3635
3/13/2000,0.4565,0.4047
3/14/2000,0.4313,0.4158
3/21/2000,,0.1172
3/29/2000,0.4393,0.3072
4/7/2000,0.3357,0.398
4/14/2000,0.409,0.4566
4/23/2000,,
5/1/2000,0.2716,
5/9/2000,0.3534,0.4613
5/16/2000,0.4304,0.4736
5/17/2000,,
5/24/2000,,
5/25/2000,0.4045,
6/1/2000,0.4259,0.4749
6/2/2000,0.4169,0.4262
6/9/2000,,
6/10/2000,0.417,0.4566
6/17/2000,,
6/18/2000,0.4128,0.4689
6/25/2000,0.3367,
7/3/2000,,
7/4/2000,0.4315,0.4777
7/11/2000,0.4319,0.445
7/12/2000,0.3766,
7/19/2000,0.4618,0.5142
7/20/2000,0.45,0.5005
7/27/2000,0.3403,0.3988
7/28/2000,0.4429,0.4764
8/4/2000,0.4457,0.4848
8/5/2000,0.4471,0.4993
8/12/2000,,
8/13/2000,0.4576,0.4907
8/20/2000,,
8/21/2000,0.3739,
8/28/2000,0.4667,0.505
9/5/2000,0.472,0.5147
9/6/2000,,0.4566
9/13/2000,0.4614,0.4952
9/14/2000,0.4694,0.507
9/21/2000,0.3647,0.4647
9/22/2000,,
9/29/2000,0.2417,0.2473
9/30/2000,0.4747,0.5113
10/7/2000,,
10/8/2000,0.4479,0.4767
10/15/2000,0.4669,0.5074
10/16/2000,0.4796,0.5143
10/23/2000,,
10/24/2000,0.471,0.5102
10/31/2000,,
11/1/2000,0.4875,0.5228
11/8/2000,0.3648,0.3991
11/9/2000,0.4042,0.4385
11/16/2000,0.2651,0.2589
11/17/2000,0.2945,0.2785
11/24/2000,0.3688,0.3405
11/25/2000,0.3806,0.3726
12/2/2000,0.4342,0.4184
12/3/2000,0.4543,0.4254
12/10/2000,,
12/11/2000,0.143,0.1571
12/18/2000,0.3967,0.3874
12/19/2000,,
12/26/2000,0.2797,0.2838
12/27/2000,0.412,0.3626
1/4/2001,0.4775,0.4695
1/11/2001,0.4973,0.4985
1/12/2001,0.4731,0.4822
1/19/2001,0.3039,0.3426
1/20/2001,,
1/27/2001,,
2/4/2001,0.3613,0.3185
2/5/2001,0.3956,0.3623
2/12/2001,0.258,0.2591
2/13/2001,0.2855,0.273
2/20/2001,0.35,0.3131
2/21/2001,0.365,0.3103
2/28/2001,,
3/1/2001,0.2003,
3/8/2001,0.3239,0.2786
3/9/2001,0.3936,0.3439
3/16/2001,,
3/24/2001,0.1374,0.1498
3/25/2001,0.233,
4/1/2001,0.4279,0.4462
4/2/2001,0.3457,0.4453
4/9/2001,0.3864,0.4335
4/10/2001,,
4/17/2001,0.3937,0.4097
4/18/2001,0.3751,0.3476
4/25/2001,0.3874,0.4347
4/26/2001,0.4015,0.4405
5/11/2001,0.3651,0.4102
5/12/2001,0.3883,0.4348
5/19/2001,,
5/20/2001,0.4069,0.4564
5/27/2001,0.293,0.4165
5/28/2001,,
6/4/2001,0.3773,
6/5/2001,0.3786,0.4506
6/12/2001,0.2637,0.3829
6/13/2001,,
6/20/2001,0.4033,
6/21/2001,0.405,0.4682
6/28/2001,0.4159,0.4653
6/29/2001,0.4487,0.5343
7/6/2001,0.3131,0.3645
7/7/2001,0.4189,0.4735
7/15/2001,0.3995,0.4508
7/22/2001,,0.4798
7/23/2001,,
7/30/2001,0.3728,
7/31/2001,0.3837,0.5187
8/7/2001,0.467,0.5046
8/8/2001,0.4604,0.4656
8/15/2001,0.4423,0.4895
8/16/2001,,
8/23/2001,,
8/24/2001,0.4556,0.5121
8/31/2001,,
9/1/2001,0.4803,0.5174
9/8/2001,0.0991,
9/9/2001,0.4752,0.4908
9/16/2001,0.3172,0.3814
9/17/2001,0.4861,0.5128
9/24/2001,0.4505,0.5169
9/25/2001,0.4425,0.4952
10/2/2001,0.3033,0.4916
10/3/2001,0.452,0.5184
10/11/2001,,
10/18/2001,0.3905,0.2849
10/19/2001,0.4578,0.5105
10/26/2001,0.4813,0.5528
10/27/2001,,
11/3/2001,0.2457,0.3506
11/4/2001,0.4883,0.5464
11/11/2001,0.4928,0.5411
11/12/2001,0.466,0.5278
11/19/2001,0.3655,0.3693
11/20/2001,0.4889,0.518
11/27/2001,0.1079,0.1205
11/28/2001,0.1716,0.1953
12/5/2001,0.4384,0.4801
12/6/2001,0.4768,0.52
12/13/2001,0.3333,0.3266
12/14/2001,,
12/21/2001,0.4472,0.4886
12/22/2001,0.1911,0.26
12/29/2001,0.4286,0.4087
12/30/2001,,
1/6/2002,0.3188,0.3669
1/7/2002,0.3537,0.342
1/14/2002,0.4765,0.4496
1/15/2002,0.4053,0.4058
1/22/2002,0.4378,0.4339
1/23/2002,,
1/30/2002,0.0971,0.0779
1/31/2002,0.2488,0.2572
2/7/2002,0.389,0.3915
2/8/2002,0.3624,0.3905
2/15/2002,0.1402,0.1952
2/16/2002,0.3058,0.2918
2/23/2002,0.2356,0.2537
2/24/2002,0.3946,0.3915
3/3/2002,0.1223,0.1865
3/12/2002,,
3/19/2002,0.1866,0.1958
3/28/2002,0.3663,0.4124
4/4/2002,0.4044,0.4726
4/13/2002,0.3927,0.4561
4/20/2002,0.3516,0.4206
4/29/2002,0.2678,0.3428
5/6/2002,0.3742,0.4408
5/7/2002,0.3567,0.4135
5/14/2002,,
5/15/2002,,0.4041
5/22/2002,0.3697,0.436
5/23/2002,,
5/31/2002,0.3751,0.3907
6/7/2002,0.3685,0.4464
6/8/2002,0.3572,0.4176
6/15/2002,,
6/16/2002,0.0645,0.3275
6/23/2002,0.1181,0.3551
6/24/2002,0.082,0.2863
7/1/2002,0.0614,0.2356
7/2/2002,0.1073,0.3171
7/9/2002,0.1349,0.3628
7/10/2002,0.1231,0.305
7/17/2002,0.139,0.3474
7/18/2002,0.1237,0.3591
7/25/2002,0.1111,0.2816
7/26/2002,0.1307,0.3704
8/2/2002,,0.0857
8/3/2002,,
8/10/2002,0.1378,0.3912
8/11/2002,0.1321,0.3716
8/18/2002,,0.1937
8/19/2002,0.1222,0.3527
8/26/2002,0.1316,0.3845
8/27/2002,0.1035,0.3145
9/3/2002,0.1013,
9/4/2002,0.1057,0.3595
9/11/2002,,
9/12/2002,0.1299,0.3743
9/19/2002,0.1268,0.372
9/20/2002,0.1427,0.3992
9/27/2002,,
9/28/2002,0.1234,0.2425
10/5/2002,,0.3613
10/6/2002,0.1344,0.3983
10/13/2002,0.1401,0.4099
10/14/2002,0.122,0.3704
10/21/2002,0.1174,0.3676
10/22/2002,0.1118,
10/29/2002,,
10/30/2002,-0.0105,0.1236
11/6/2002,0.1154,0.3602
11/7/2002,,
11/14/2002,0.1007,0.3906
11/22/2002,,
11/23/2002,,
11/30/2002,0.0904,0.3105
12/1/2002,,
12/8/2002,,
12/9/2002,0.1186,0.4515
12/16/2002,0.1281,0.4731
12/17/2002,0.0992,0.3989
12/24/2002,0.0212,0.2349
12/25/2002,0.0646,0.3039
1/1/2003,-0.0206,
1/2/2003,-0.0073,0.1994
1/9/2003,0.0676,0.3818
1/10/2003,0.0872,0.1933
1/17/2003,0.1122,0.4308
1/18/2003,0.1112,0.3687
1/25/2003,0.1051,0.3994
1/26/2003,0.1189,0.4388
2/2/2003,,0.2217
2/3/2003,-0.0283,0.1037
2/10/2003,-0.0303,0.1331
2/11/2003,,
2/19/2003,0.0357,0.1587
2/27/2003,-0.0184,0.1075
3/6/2003,-0.0281,0.1088
3/7/2003,0.0134,0.11
3/14/2003,0.0993,0.2218
3/15/2003,0.1266,0.3297
3/22/2003,-0.4164,0.0299
3/23/2003,-0.0314,0.0653
3/30/2003,0.0107,
3/31/2003,,
4/7/2003,0.1103,0.3011
4/8/2003,0.105,0.2742
4/16/2003,0.1235,0.3595
4/23/2003,,
4/24/2003,-0.3091,
5/1/2003,0.1095,0.3156
5/2/2003,,
5/9/2003,0.103,0.2521
5/10/2003,,
5/17/2003,0.1453,0.3577
5/18/2003,0.1201,0.288
5/25/2003,0.1187,0.3333
5/26/2003,0.1222,0.3344
6/2/2003,0.1083,0.263
6/11/2003,0.1453,0.3807
6/18/2003,0.1056,
6/27/2003,0.154,0.3845
7/4/2003,0.1544,0.3957
7/13/2003,,
7/20/2003,0.1596,0.3825
7/21/2003,0.1496,0.3876
7/28/2003,0.1381,0.2832
7/29/2003,,
8/5/2003,0.1593,0.4153
8/6/2003,0.1585,0.4228
8/13/2003,0.1647,0.4159
8/14/2003,0.1714,0.4166
8/21/2003,0.1272,
8/22/2003,0.1374,0.3675
8/29/2003,0.1495,0.3613
9/6/2003,,
9/15/2003,0.1807,0.431
9/22/2003,0.1757,0.4265
9/23/2003,0.169,0.4138
9/30/2003,0.1578,0.3897
10/1/2003,0.144,0.3134
10/8/2003,0.166,0.4019
10/9/2003,0.1609,0.4088
10/16/2003,0.1107,0.2261
10/17/2003,0.1575,0.4045
10/24/2003,0.1532,0.4102
10/25/2003,0.1435,0.3022
11/1/2003,,
11/2/2003,0.1529,0.3522
11/9/2003,0.1176,0.314
11/10/2003,0.1444,0.4309
11/17/2003,0.1423,0.4463
11/18/2003,0.1383,0.4278
11/25/2003,0.0245,0.1397
11/26/2003,0.0709,0.2966
12/3/2003,,
12/4/2003,0.1207,0.3573
12/11/2003,0.0137,0.2118
12/12/2003,0.024,0.233
12/19/2003,0.0348,0.2659
12/20/2003,,
12/27/2003,0.0569,0.2491
12/28/2003,0.0696,0.2821
1/4/2004,-0.0375,0.173
1/5/2004,-0.0101,0.2139
1/12/2004,0.0665,0.2992
1/13/2004,0.1249,0.393
1/21/2004,-0.0061,0.1491
1/28/2004,0.0018,0.2057
1/29/2004,,
2/5/2004,-0.1066,0.0837
2/6/2004,-0.0228,0.1244
2/13/2004,,
2/14/2004,-0.018,0.1512
2/21/2004,,
2/22/2004,,
2/29/2004,-0.0026,0.0754
3/1/2004,0.0341,0.1718
3/8/2004,0.055,0.1842
3/9/2004,0.0933,0.2524
3/16/2004,,
3/17/2004,0.1235,0.3401
3/24/2004,,
3/25/2004,0.1278,0.3516
4/1/2004,0.1228,0.3047
4/2/2004,,
4/17/2004,0.143,0.3562
4/18/2004,0.1195,0.2534
4/25/2004,,
4/26/2004,0.1379,0.26
5/3/2004,0.1515,0.3344
5/4/2004,0.1401,0.3477
5/11/2004,0.1628,0.362
5/12/2004,,
5/19/2004,0.114,
5/20/2004,,
5/27/2004,0.1846,0.3918
5/28/2004,,
6/4/2004,,0.2897
6/5/2004,0.1813,0.3727
6/12/2004,0.091,0.2081
6/13/2004,0.1913,
6/20/2004,0.2043,0.4029
6/21/2004,,
6/28/2004,0.2082,0.4213
6/29/2004,0.2063,0.3164
7/6/2004,0.2223,0.4255
7/7/2004,0.2132,0.4183
7/14/2004,0.2166,0.4246
7/15/2004,0.2246,0.4338
7/22/2004,0.2189,0.3624
7/30/2004,,0.3834
7/31/2004,0.2506,0.4256
8/7/2004,,
8/8/2004,0.2605,0.447
8/15/2004,0.2479,0.4362
8/16/2004,0.2462,0.425
8/23/2004,0.1823,
8/24/2004,0.2372,0.4464
8/31/2004,0.2593,0.4423
9/1/2004,0.2621,0.4468
9/8/2004,0.2289,0.4231
9/9/2004,0.2388,0.4413
9/16/2004,0.2283,0.4442
9/17/2004,0.223,0.4181
9/24/2004,0.2131,0.4196
9/25/2004,0.2073,0.4313
10/2/2004,0.2213,0.4487
10/3/2004,0.2104,0.416
10/10/2004,0.1785,0.3856
10/11/2004,0.1548,0.3279
10/18/2004,0.1886,0.4487
10/26/2004,0.1875,0.4296
10/27/2004,0.1198,
11/3/2004,0.0331,0.1951
11/4/2004,,
11/11/2004,0.1087,0.1417
11/12/2004,,
11/19/2004,0.1759,0.3622
12/5/2004,0.0253,0.2436
12/6/2004,0.047,0.2325
12/13/2004,0.1265,
12/14/2004,0.1149,
12/21/2004,0.0871,0.2558
12/22/2004,0.0107,0.1166
12/30/2004,0.1345,0.3445
1/6/2005,-0.0035,0.1897
1/7/2005,0.015,0.2155
1/14/2005,-0.006,0.1969
1/15/2005,-0.0014,0.2187
1/22/2005,0.0745,0.2977
1/23/2005,0.1086,0.3143
1/31/2005,-0.0284,0.026
2/7/2005,,
2/8/2005,0.0079,0.0456
2/15/2005,0.0502,
2/16/2005,,
2/23/2005,,
2/24/2005,0.1163,0.2862
3/3/2005,0.0867,0.206
3/4/2005,0.1206,0.3128
3/11/2005,0.0971,0.2453
3/12/2005,0.1084,0.2806
3/19/2005,,
3/20/2005,0.0759,0.1082
3/27/2005,0.1226,0.1693
3/28/2005,0.0848,
4/4/2005,0.119,0.2326
4/12/2005,-0.5392,-0.1235
4/13/2005,-0.0303,0.0788
4/20/2005,0.1394,0.3386
4/21/2005,0.1479,0.3689
4/28/2005,0.0964,0.2323
5/6/2005,,0.1802
5/7/2005,0.148,0.2133
5/14/2005,0.105,
5/15/2005,0.1757,0.3578
5/22/2005,0.201,0.3796
5/23/2005,0.1976,0.3833
5/30/2005,0.1821,0.3808
5/31/2005,0.2188,0.396
6/7/2005,0.2216,0.3885
6/8/2005,0.2207,0.3911
6/15/2005,0.2276,0.4015
6/16/2005,0.2375,0.3925
6/23/2005,,
6/24/2005,0.2449,0.4294
7/1/2005,0.2227,0.4316
7/2/2005,0.2356,0.4074
7/9/2005,0.2105,0.3972
7/10/2005,0.2258,0.3209
7/17/2005,0.21,0.4313
7/18/2005,0.2222,0.4136
7/26/2005,0.1802,0.4458
8/2/2005,0.2048,0.4124
8/3/2005,0.1957,0.414
8/10/2005,0.1962,0.3316
8/11/2005,0.1697,
8/18/2005,0.2274,0.4643
8/19/2005,,
8/26/2005,0.2202,0.4232
8/27/2005,0.2357,0.4366
9/3/2005,0.2364,0.4333
9/4/2005,0.2362,0.4394
9/11/2005,0.2363,0.4416
9/12/2005,0.2331,0.4488
9/19/2005,0.225,0.4463
9/20/2005,0.2059,0.3488
9/27/2005,0.2095,0.4079
10/6/2005,0.2022,0.4047
10/13/2005,0.1644,0.278
10/14/2005,0.2031,0.4055
10/21/2005,0.171,0.4152
10/22/2005,0.1948,0.4278
10/29/2005,,0.1776
10/30/2005,0.166,0.4479
11/6/2005,0.1348,
11/7/2005,0.1597,0.4061
11/14/2005,0.14,0.2476
11/15/2005,0.0179,0.1664
11/22/2005,0.1223,0.3575
11/23/2005,0.1441,0.3999
12/1/2005,,
12/8/2005,-0.0305,0.19
12/17/2005,0.0409,0.1605
12/24/2005,,
1/2/2006,0.1373,0.4407
1/9/2006,0.1337,0.4148
1/10/2006,0.1132,0.3494
1/17/2006,0.0722,0.2576
1/18/2006,0.1307,0.3972
1/25/2006,,
1/26/2006,0.0048,0.1937
2/3/2006,0.1131,0.3187
2/10/2006,0.0007,0.1331
2/11/2006,0.0204,0.1987
2/18/2006,0.0179,0.1366
2/19/2006,0.0486,0.2007
2/26/2006,0.0986,0.2622
2/27/2006,0.1161,0.3196
3/6/2006,0.1062,0.2945
3/7/2006,0.1362,0.407
3/14/2006,0.121,0.2021
3/23/2006,0.101,0.258
3/30/2006,0.1375,0.3946
3/31/2006,,
4/7/2006,,
4/8/2006,0.1395,0.3764
4/15/2006,,
4/16/2006,0.1445,0.3476
4/23/2006,0.1474,0.3542
4/24/2006,,
5/1/2006,0.1579,0.3651
5/2/2006,0.1467,0.3415
5/9/2006,0.0935,0.1524
5/10/2006,0.1732,0.3346
5/17/2006,0.1645,0.3366
5/18/2006,0.1596,0.3403
5/25/2006,0.1684,0.3233
5/26/2006,,
6/2/2006,0.1796,0.3576
6/3/2006,0.1527,0.3162
6/10/2006,,
6/11/2006,0.1762,0.3784
6/18/2006,0.1789,0.3827
6/19/2006,0.1744,0.3268
6/26/2006,0.1669,0.3636
6/27/2006,0.1728,0.3325
7/4/2006,0.1746,0.3816
7/5/2006,0.1635,0.3023
7/12/2006,0.1501,0.3465
7/13/2006,0.1971,0.3957
7/20/2006,0.225,0.421
7/21/2006,0.2317,0.3735
7/28/2006,0.1956,
7/29/2006,0.2429,0.4477
8/6/2006,,
8/13/2006,0.281,0.3856
8/14/2006,0.3017,0.4749
8/21/2006,0.2762,0.3762
8/22/2006,0.2261,0.295
8/29/2006,0.309,0.4629
8/30/2006,0.3078,0.4789
9/6/2006,0.2631,0.367
9/7/2006,0.2778,0.3978
9/14/2006,0.276,0.4196
9/15/2006,0.2801,0.4522
9/23/2006,,
9/30/2006,0.2455,0.4339
10/1/2006,,
10/16/2006,0.2095,
10/24/2006,,
10/25/2006,0.1159,0.2517
11/1/2006,0.047,0.165
11/2/2006,0.0658,0.197
11/9/2006,0.1777,0.4264
11/10/2006,0.1624,0.3977
11/17/2006,0.156,0.4117
11/18/2006,0.1678,0.4415
11/25/2006,0.1638,0.4538
11/26/2006,0.1471,0.4203
12/3/2006,-0.0282,0.0889
12/4/2006,-0.0135,0.1764
12/11/2006,0.024,0.1507
12/12/2006,,
12/19/2006,0.0267,0.1696
12/27/2006,-0.0721,0.0816
1/4/2007,-0.0419,0.0957
1/12/2007,-0.1671,0.1482
1/13/2007,-0.0203,0.1407
1/20/2007,,
1/21/2007,,
1/28/2007,-0.1342,0.157
1/29/2007,-0.0454,0.1367
2/5/2007,-0.0407,0.0856
2/6/2007,-0.0636,0.0969
2/13/2007,,
2/14/2007,-0.0157,0.1097
2/21/2007,-0.0268,0.1148
2/22/2007,-0.0747,0.1243
3/1/2007,-0.2336,0.0628
3/2/2007,,
3/9/2007,-0.0041,0.083
3/10/2007,,
3/17/2007,,
3/18/2007,0.0829,0.119
3/25/2007,0.1301,0.2732
3/26/2007,0.1428,0.3446
4/2/2007,0.1263,0.3785
4/3/2007,0.15,0.3598
4/11/2007,0.1527,0.3637
4/18/2007,0.1584,0.375
4/19/2007,0.1508,0.3543
4/26/2007,-0.0864,0.0411
4/27/2007,0.0878,0.0817
5/5/2007,0.165,
5/12/2007,0.1997,0.3608
5/13/2007,0.1972,0.3411
5/20/2007,0.2216,0.3129
5/21/2007,,
5/28/2007,0.1507,0.3103
5/29/2007,0.253,0.3512
6/5/2007,,
6/13/2007,,
6/14/2007,0.2578,0.297
6/21/2007,0.2446,0.4357
6/22/2007,,0.4051
6/29/2007,0.2783,0.4281
6/30/2007,0.2747,0.4343
7/7/2007,0.2691,0.4625
7/8/2007,0.2544,0.3267
7/15/2007,0.2628,0.3612
7/16/2007,0.2652,0.4429
7/23/2007,0.254,0.3698
7/24/2007,0.2541,0.4075
7/31/2007,0.2489,0.4243
8/1/2007,0.2594,0.4487
8/8/2007,0.2783,0.4995
8/9/2007,0.2663,0.4641
8/16/2007,0.2699,0.4367
8/17/2007,0.236,0.4892
8/24/2007,0.2703,0.4336
8/25/2007,0.2622,0.4612
9/1/2007,0.2334,0.434
9/2/2007,0.2584,0.4788
9/9/2007,0.2317,0.4556
9/17/2007,,
9/18/2007,0.248,0.4498
9/25/2007,0.2441,0.4583
9/26/2007,0.2286,0.436
10/3/2007,0.2138,0.4377
10/4/2007,0.2097,0.4441
10/11/2007,0.1937,0.4373
10/20/2007,0.187,0.4469
10/27/2007,0.1645,0.4013
11/5/2007,0.1744,0.4482
11/12/2007,,
11/21/2007,-0.0383,0.0585
11/28/2007,0.0662,
12/14/2007,0.0098,0.1021
12/23/2007,0.0199,0.2391
12/30/2007,-0.0012,0.1973
1/8/2008,-0.0013,0.1654
1/15/2008,,
1/24/2008,0.0053,0.1988
1/31/2008,0.0111,0.1854
2/1/2008,0.0182,0.1838
2/8/2008,-0.0018,0.1532
2/9/2008,0.0115,0.175
2/16/2008,0.0497,0.1982
2/25/2008,,
3/3/2008,-0.4176,0.0799
3/4/2008,-0.0054,0.1289
3/11/2008,0.0476,0.1415
3/12/2008,,
3/19/2008,0.069,0.1716
3/20/2008,0.1,0.2234
3/27/2008,0.0643,0.231
3/28/2008,0.1223,0.2837
4/4/2008,0.1477,0.35
4/5/2008,0.0832,0.2242
4/12/2008,0.0746,0.1509
4/13/2008,0.14,0.3486
4/20/2008,0.1478,0.3723
4/21/2008,0.1378,0.3374
4/28/2008,,
4/29/2008,,
5/6/2008,0.1251,0.3337
5/7/2008,0.1137,
5/14/2008,0.1242,0.218
5/15/2008,,
5/22/2008,,
5/23/2008,0.1631,0.3268
5/30/2008,0.1925,0.3691
5/31/2008,0.1941,0.3681
6/7/2008,0.2131,0.3969
6/8/2008,0.1787,
6/15/2008,0.2002,0.3812
6/16/2008,,
6/23/2008,0.1423,
6/24/2008,0.1986,0.3766
7/1/2008,0.171,
7/2/2008,0.1982,0.3863
7/9/2008,0.2104,0.4084
7/10/2008,0.1872,0.3561
7/17/2008,0.1679,
7/18/2008,0.1905,0.399
7/25/2008,0.1967,0.3779
7/26/2008,,
8/2/2008,0.1709,0.3763
8/3/2008,0.1814,0.3863
8/11/2008,0.1991,0.4154
8/18/2008,0.188,0.4008
8/19/2008,0.2017,0.4101
8/26/2008,0.2159,0.4375
8/27/2008,0.2133,0.4214
9/3/2008,0.2225,0.4243
9/4/2008,0.2184,0.4332
9/11/2008,0.2151,0.4111
9/19/2008,0.2108,0.3955
9/20/2008,0.2205,0.4401
9/27/2008,0.2462,0.4501
9/28/2008,0.2199,0.426
10/5/2008,,
10/6/2008,0.2297,0.4517
10/13/2008,0.1558,
10/21/2008,,
10/22/2008,0.0171,0.1323
10/29/2008,0.1784,0.4523
10/30/2008,0.1582,0.4051
11/6/2008,0.1512,0.4036
11/7/2008,0.1604,0.4449
11/14/2008,0.017,
11/15/2008,0.1443,0.4174
11/22/2008,0.1509,0.4461
11/23/2008,0.1562,0.4531
11/30/2008,,
12/9/2008,-0.0056,0.073
12/16/2008,,
12/25/2008,0.1008,0.2671
1/1/2009,0.0691,
1/9/2009,,
1/10/2009,,0.0842
1/17/2009,0.0468,0.1823
1/18/2009,0.0982,0.2493
1/25/2009,0.1093,0.1702
1/26/2009,,
2/2/2009,0.0789,0.2426
2/3/2009,0.1377,0.3885
2/10/2009,,
2/11/2009,0.1202,
2/18/2009,0.1048,0.2903
2/19/2009,0.1385,0.3664
2/26/2009,0.1472,0.3485
2/27/2009,0.1263,0.3758
3/6/2009,0.1374,0.3973
3/7/2009,0.145,0.2357
3/14/2009,0.154,0.3961
3/15/2009,0.1357,0.3898
3/22/2009,0.1424,0.3946
3/23/2009,,
3/30/2009,0.1353,0.267
3/31/2009,0.1217,0.279
4/7/2009,0.1341,0.2629
4/8/2009,0.1537,0.3587
4/15/2009,0.1554,0.3739
4/16/2009,,
4/23/2009,0.1332,0.3507
4/24/2009,0.1308,0.2542
5/1/2009,0.1101,0.2263
5/9/2009,,0.2168
5/10/2009,,
5/17/2009,0.1819,0.3684
5/18/2009,0.1719,0.3371
5/25/2009,,
6/2/2009,,
6/3/2009,0.1955,0.3996
6/10/2009,,
6/18/2009,0.2458,0.3506
6/19/2009,0.251,0.4289
6/27/2009,0.2753,0.4304
7/4/2009,0.2812,0.4137
7/5/2009,0.2732,0.4707
7/12/2009,0.2259,0.3941
7/13/2009,0.2898,0.447
7/20/2009,,
7/21/2009,0.2756,0.4403
7/28/2009,0.2927,0.4079
7/29/2009,0.2212,
8/5/2009,0.2844,0.4533
8/6/2009,0.2286,0.4801
8/13/2009,0.2556,0.4198
8/21/2009,0.2684,0.4541
8/29/2009,0.2031,0.3189
8/30/2009,0.2327,0.3278
9/7/2009,0.24,0.4573
9/14/2009,0.2414,0.4676
9/15/2009,0.2503,0.4459
9/22/2009,0.1981,0.3485
9/30/2009,0.2179,0.4318
10/1/2009,0.2268,0.4266
10/8/2009,,
10/9/2009,0.1874,0.443
10/16/2009,0.1884,0.4512
10/17/2009,0.2006,0.4348
10/24/2009,0.0878,0.2248
10/25/2009,,
11/1/2009,0.0153,0.2082
11/2/2009,0.1334,0.3173
11/9/2009,,
11/10/2009,0.1578,0.4098
11/17/2009,-0.1339,0.152
11/18/2009,0.0044,0.1922
11/25/2009,,0.1791
11/26/2009,0.1161,0.3375
12/3/2009,0.0222,0.1434
12/4/2009,0.0718,0.2239
12/11/2009,0.0317,0.2218
12/12/2009,0.0222,0.2331
12/19/2009,0.0635,0.2629
12/28/2009,0.0076,0.2196
1/4/2010,0.0483,0.2227
1/12/2010,0.0826,0.281
1/13/2010,0.1081,
1/20/2010,,
1/21/2010,,
1/28/2010,0.0308,0.1561
1/29/2010,0.0065,0.1872
2/5/2010,,0.1551
2/6/2010,,
2/13/2010,,
2/14/2010,0.0347,0.1462
2/22/2010,,
3/1/2010,0.0239,
3/2/2010,0.0625,0.1404
3/9/2010,0.0643,0.1719
3/10/2010,0.0329,
3/17/2010,0.063,0.1506
3/18/2010,0.0913,0.1597
3/25/2010,-0.5301,-0.3199
3/26/2010,-0.0336,0.1046
4/2/2010,,
4/3/2010,0.0959,0.2035
4/10/2010,0.1349,0.2877
4/11/2010,,
4/18/2010,,
4/19/2010,,0.3364
4/26/2010,0.0965,0.2061
4/27/2010,0.1645,0.3557
5/4/2010,0.1479,0.3556
5/5/2010,0.1426,0.3105
5/12/2010,,0.3416
5/20/2010,0.1875,0.371
5/21/2010,0.1697,0.3767
5/28/2010,0.1915,0.3799
5/29/2010,0.1873,0.3802
6/5/2010,0.1436,
6/6/2010,0.2141,0.4086
6/13/2010,0.1623,0.4727
6/14/2010,0.2122,0.3894
6/21/2010,0.2329,0.4085
6/22/2010,,0.2643
6/29/2010,0.2442,0.4074
6/30/2010,0.2321,0.4147
7/7/2010,0.2186,0.4059
7/8/2010,0.2455,0.4426
7/15/2010,0.2399,0.4569
7/16/2010,0.2304,0.4304
7/23/2010,,
7/24/2010,0.2,0.3639
7/31/2010,0.2649,0.4614
8/1/2010,0.1988,
8/8/2010,0.2493,0.451
8/9/2010,0.2574,0.4033
8/16/2010,,
8/17/2010,0.2648,0.4642
8/24/2010,0.2896,
8/25/2010,0.268,0.482
9/1/2010,0.2563,0.4688
9/2/2010,0.2579,0.4611
9/9/2010,0.2505,0.4651
9/10/2010,0.2284,0.4521
9/17/2010,0.219,0.4574
9/18/2010,0.2258,0.4379
9/25/2010,0.2234,0.4558
9/26/2010,0.2051,0.442
10/3/2010,0.1937,0.4319
10/4/2010,,
10/11/2010,0.1935,0.4285
10/19/2010,0.1953,0.4307
10/20/2010,0.2022,0.4531
10/28/2010,0.1763,0.4559
11/4/2010,0.1647,0.453
11/5/2010,0.1852,0.414
11/12/2010,0.1523,0.416
11/13/2010,0.1554,0.4471
11/20/2010,0.1672,0.4756
11/21/2010,0.1659,0.4067
11/28/2010,0.1802,0.4757
12/6/2010,,
12/7/2010,0.149,0.4773
12/14/2010,0.1688,0.4422
12/15/2010,,
12/22/2010,,0.2596
12/23/2010,0.1839,0.466
12/30/2010,,
12/31/2010,,
1/7/2011,0.0146,0.2406
1/8/2011,0.0544,0.2696
1/15/2011,0.0202,
1/23/2011,0.0476,0.2114
1/24/2011,,
1/31/2011,,
2/1/2011,-0.0173,0.0997
2/9/2011,0.0009,0.1388
2/16/2011,0.0603,0.2055
2/17/2011,0.086,0.2379
2/24/2011,0.0897,0.143
2/25/2011,,
3/4/2011,,
3/5/2011,,
3/12/2011,0.1389,0.3351
3/13/2011,0.1527,0.368
3/20/2011,,
3/21/2011,0.1391,0.3841
3/28/2011,0.0933,0.3654
3/29/2011,0.1551,0.3379
4/5/2011,0.1583,0.4028
4/6/2011,,
4/13/2011,0.1355,0.3593
4/14/2011,,
4/21/2011,0.1577,0.3693
4/22/2011,0.1428,0.3646
4/29/2011,0.1422,0.3508
4/30/2011,0.135,0.3449
5/7/2011,0.1394,0.3506
5/8/2011,0.1428,0.3566
5/15/2011,,
5/16/2011,0.1509,0.3585
5/23/2011,0.1547,0.3043
5/31/2011,0.1786,0.3909
6/1/2011,,
6/8/2011,0.177,0.3794
6/9/2011,0.1827,0.3832
6/16/2011,0.1834,0.3779
6/17/2011,,
6/24/2011,0.1954,0.318
6/25/2011,0.2055,0.3958
7/2/2011,0.2099,0.4101
7/3/2011,0.1929,
7/10/2011,,
7/11/2011,0.2148,0.4
7/18/2011,0.232,0.4213
7/19/2011,0.248,0.4336
7/26/2011,0.2226,0.4174
7/27/2011,0.2393,0.4313
8/3/2011,0.2609,0.4595
8/4/2011,0.2571,0.3889
8/11/2011,0.2665,0.4562
8/12/2011,0.2467,0.4529
8/19/2011,,
8/20/2011,0.2619,0.4659
8/27/2011,0.2652,0.4697
8/28/2011,0.2459,0.4567
9/4/2011,0.2531,0.4531
9/5/2011,0.2316,0.4245
9/12/2011,0.2535,0.4502
9/20/2011,0.2469,0.4369
9/21/2011,0.2545,0.4584
9/28/2011,0.2424,0.4504
9/29/2011,0.2236,0.4355
10/6/2011,,
10/7/2011,0.2331,0.4449
10/14/2011,0.2279,0.4593
10/15/2011,0.1746,0.2829
10/22/2011,0.1921,0.442
10/23/2011,0.1966,0.4289
10/30/2011,0.1801,0.3172
10/31/2011,0.1765,0.3994
11/7/2011,0.0776,0.1209
11/15/2011,0.1526,0.3617
11/16/2011,0.1541,0.4139
11/23/2011,0.1614,0.4311
12/2/2011,0.0218,0.2074
12/9/2011,0.025,0.227
12/18/2011,0.0893,0.3189
12/25/2011,-0.0743,0.2017
1/3/2012,,
1/10/2012,0.0652,0.2649
1/19/2012,0.0709,0.2997
1/26/2012,0.1112,0.3388
2/4/2012,0.0046,0.0059
2/11/2012,-0.0349,0.1355
2/20/2012,0.0571,0.2089
2/27/2012,0.1006,0.2403
3/7/2012,0.0872,0.2966
3/14/2012,0.1025,0.2238
3/23/2012,0.1358,0.3752
3/30/2012,0.139,0.3846
4/8/2012,0.1432,0.3791
4/15/2012,-0.2985,-0.2543
4/24/2012,0.1495,0.3828
5/1/2012,0.1495,0.2845
5/10/2012,0.1896,0.3893
5/17/2012,,
5/26/2012,0.2162,0.3929
6/2/2012,0.218,0.4111
6/11/2012,0.2025,0.3899
6/18/2012,0.2059,0.3953
6/27/2012,,
7/4/2012,0.1916,0.3613
7/13/2012,0.204,0.3883
7/20/2012,0.2131,0.4036
7/29/2012,0.2141,0.4131
8/5/2012,0.2345,0.4352
8/21/2012,0.2359,0.4035
8/30/2012,0.2278,0.4243
9/6/2012,0.2101,0.4388
9/15/2012,0.2187,0.4116
9/22/2012,0.2113,0.4041
10/1/2012,0.2018,0.4232
10/8/2012,0.2124,0.456
10/17/2012,0.1954,0.4412
10/24/2012,0.1748,0.4549
11/2/2012,,
11/9/2012,0.1707,0.4673
11/18/2012,0.1575,0.4633
11/25/2012,0.1524,0.3908
12/4/2012,,
12/11/2012,-0.114,0.2006
12/20/2012,-0.0061,0.2034
12/27/2012,0.0047,0.1762
1/5/2013,-0.0193,0.238
1/12/2013,0.0338,0.2562
1/21/2013,0.088,0.3194
1/28/2013,,
2/6/2013,0.1191,0.3582
2/13/2013,,
2/22/2013,-0.0093,0.0468
3/1/2013,-0.223,0.1302
3/10/2013,-0.1297,0.1255
3/17/2013,0.1247,0.3378
3/18/2013,0.1708,0.4384
3/26/2013,0.023,0.1823
4/2/2013,,
4/5/2013,,0.3937
4/11/2013,0.099,0.2412
4/18/2013,-0.4482,-0.0025
4/19/2013,0.1749,0.3543
4/27/2013,0.1292,0.3522
5/4/2013,0.1246,0.3152
5/5/2013,,
5/12/2013,0.1799,0.4356
5/13/2013,0.1043,0.215
5/20/2013,0.1299,0.2186
5/21/2013,0.2038,0.4014
5/28/2013,0.1512,0.2366
5/29/2013,0.2023,0.2351
6/5/2013,0.1949,0.3359
6/6/2013,0.2421,0.4379
6/13/2013,0.186,0.3322
6/14/2013,0.1867,0.2624
6/21/2013,0.2044,0.3892
6/22/2013,0.2376,0.4212
6/29/2013,,
6/30/2013,,
7/7/2013,0.1997,0.2672
7/8/2013,0.2788,0.3923
7/15/2013,,
7/16/2013,0.2439,0.39
7/23/2013,0.2404,0.4374
7/24/2013,,
7/31/2013,0.3151,0.5273
8/1/2013,,
8/8/2013,0.2574,0.2725
8/9/2013,0.329,0.4923
8/16/2013,0.3387,0.4774
8/17/2013,,
8/24/2013,0.2903,0.4568
8/25/2013,0.3356,0.5175
9/1/2013,0.2991,0.4608
9/2/2013,0.2976,0.4838
9/9/2013,0.2583,0.4417
9/10/2013,,
9/17/2013,0.3319,0.5399
9/18/2013,0.2487,0.4073
9/25/2013,0.2831,0.4908
9/26/2013,0.3106,0.5247
10/3/2013,0.2987,0.523
10/4/2013,0.244,0.427
10/11/2013,,0.1953
10/12/2013,0.2728,0.508
10/19/2013,0.2667,0.5182
10/20/2013,0.1363,
10/27/2013,0.2031,0.454
10/28/2013,0.2296,0.3462
11/4/2013,0.2174,0.5055
11/5/2013,,
11/12/2013,0.1865,0.4654
11/13/2013,0.2177,0.5304
11/20/2013,0.2214,0.5578
11/28/2013,0.1548,0.2926
11/29/2013,0.2127,0.5367
12/6/2013,-0.0123,0.4497
12/7/2013,-0.0069,0.0901
12/14/2013,0.0501,0.3132
12/15/2013,0.0985,0.4679
12/22/2013,0.0442,0.5605
12/23/2013,0.0699,0.3276
12/30/2013,0.0369,0.2622
12/31/2013,0.137,0.492
1/7/2014,,
1/8/2014,-0.0155,0.1774
1/15/2014,,
1/16/2014,,
1/23/2014,0.0333,0.4181
1/24/2014,0.0778,0.28
2/1/2014,,0.0786
2/8/2014,-0.0129,0.3189
2/9/2014,-0.0026,0.1424
2/16/2014,,
2/17/2014,0.1347,0.271
2/24/2014,0.1493,0.3344
2/25/2014,0.1186,0.2457
3/4/2014,0.1143,0.2359
3/5/2014,0.0326,0.1958
3/12/2014,0.0213,0.2006
3/13/2014,0.093,0.2553
3/20/2014,0.1333,0.3168
3/21/2014,0.1774,
3/28/2014,0.1892,0.2601
3/29/2014,0.1301,0.3162
4/5/2014,,
4/6/2014,0.1327,0.321
4/14/2014,-0.1656,0.0626
4/21/2014,0.1439,0.3243
4/22/2014,0.1899,0.3986
4/30/2014,0.1194,0.341
5/7/2014,0.1316,0.3579
5/8/2014,,0.4523
5/15/2014,0.2093,
5/16/2014,0.1487,0.2936
5/23/2014,,
5/24/2014,0.16,0.2187
5/31/2014,0.2681,0.4692
6/1/2014,0.2171,0.4063
6/9/2014,0.2984,0.4796
6/16/2014,0.2921,0.4741
6/17/2014,0.2482,0.4096
6/24/2014,0.2491,0.4235
6/25/2014,0.2949,0.487
7/2/2014,0.2858,0.4853
7/3/2014,0.2388,0.4268
7/10/2014,0.2299,0.3399
7/11/2014,,
7/18/2014,,
7/19/2014,0.2663,0.4253
7/26/2014,0.2723,0.4301
7/27/2014,0.3191,0.5151
8/3/2014,0.3282,0.5249
8/4/2014,0.2635,0.3286
8/11/2014,0.2987,0.4904
8/12/2014,0.327,0.5226
8/19/2014,0.3444,0.4796
8/20/2014,0.282,0.3348
8/27/2014,0.2586,0.4896
8/28/2014,0.2699,
9/4/2014,0.2504,0.3399
9/5/2014,0.2767,0.4799
9/12/2014,0.2408,0.4626
9/13/2014,0.3115,0.532
9/20/2014,0.3106,0.5316
9/21/2014,,
9/29/2014,0.2734,0.4248
10/6/2014,0.2138,
10/7/2014,0.2333,0.3264
10/14/2014,0.2431,0.4764
10/15/2014,,
10/22/2014,,
10/23/2014,,
10/30/2014,0.1953,0.4747
10/31/2014,0.2369,0.5212
11/7/2014,,
11/8/2014,0.1915,0.4735
11/15/2014,0.1072,0.283
11/16/2014,0.051,0.4096
11/23/2014,0.1925,
11/24/2014,,
12/1/2014,0.1697,0.4954
12/2/2014,0.1729,0.4783
12/9/2014,,
12/10/2014,0.162,0.499
12/17/2014,,
12/18/2014,0.1586,
12/25/2014,0.1847,0.5533
1/2/2015,-0.0919,0.1383
1/3/2015,,
1/10/2015,0.1327,0.606
1/11/2015,,
1/18/2015,0.1084,0.2964
1/19/2015,0.1633,0.4487
1/26/2015,0.1327,0.4553
1/27/2015,0.1003,0.2561
2/3/2015,0.1226,0.3338
2/4/2015,,
2/12/2015,,0.0844
2/19/2015,0.1304,0.3175
2/20/2015,0.1881,0.4989
2/27/2015,-0.0149,0.2453
2/28/2015,,
3/7/2015,0.0316,0.1771
3/8/2015,0.1055,0.2569
3/15/2015,0.1836,0.4304
3/16/2015,0.1412,0.3923
3/23/2015,0.144,0.4002
3/24/2015,0.1859,0.478
3/31/2015,0.1887,0.4715
4/1/2015,0.101,
4/8/2015,0.1342,0.3813
4/9/2015,0.1879,0.4515
4/16/2015,0.0025,0.0066
4/17/2015,-0.298,-0.0109
4/25/2015,0.196,0.4221
5/2/2015,0.2243,0.4536
5/3/2015,,0.3814
5/10/2015,,
5/11/2015,0.1575,0.073
5/18/2015,,
5/26/2015,0.1265,
5/27/2015,0.2524,
6/3/2015,0.2554,0.3915
6/4/2015,0.2335,0.4153
6/11/2015,,
6/12/2015,,
6/19/2015,0.3329,0.5066
6/20/2015,0.2854,0.4429
6/27/2015,0.2969,0.4663
6/28/2015,0.3322,0.5152
7/5/2015,,
7/6/2015,,
7/13/2015,0.255,0.4503
7/14/2015,0.3374,0.5208
7/21/2015,0.3733,0.4441
7/22/2015,0.3342,0.4866
7/29/2015,0.3066,0.4581
7/30/2015,0.3534,0.5356
8/6/2015,0.332,0.5339
8/7/2015,0.2453,
8/14/2015,0.302,0.4875
8/15/2015,0.3594,0.5607
8/22/2015,0.3437,0.5399
8/23/2015,0.2941,0.4149
8/30/2015,0.2928,0.4751
8/31/2015,0.2932,0.4372
9/7/2015,,
9/8/2015,0.2063,
9/15/2015,0.2642,0.44
9/16/2015,0.2985,0.5347
9/23/2015,0.2928,0.54
9/24/2015,0.2331,0.3549
10/1/2015,,
10/2/2015,0.2771,0.5184
10/9/2015,0.2404,0.5093
10/10/2015,0.2235,0.4578
10/17/2015,0.2105,0.4542
10/18/2015,0.2498,0.5214
10/25/2015,0.2636,0.5525
10/26/2015,0.0519,
11/2/2015,0.2059,0.5042
11/3/2015,0.2368,0.5474
11/10/2015,0.2324,0.5626
11/11/2015,0.0077,0.0721
11/18/2015,-0.1826,0.1672
11/19/2015,-0.0116,0.281
11/26/2015,,
11/27/2015,-0.0743,0.047
12/4/2015,0.0318,0.2315
12/5/2015,,
12/13/2015,,
12/20/2015,0.035,0.2525
12/21/2015,0.0764,0.4288
12/28/2015,0.0273,0.5676
12/29/2015,0.0159,0.2071
1/5/2016,0.0351,0.2559
1/6/2016,0.0507,0.3082
1/13/2016,0.0353,0.3928
1/14/2016,0.0013,0.2213
1/21/2016,0.0362,0.2474
1/22/2016,0.1128,0.3973
1/29/2016,0.0881,0.3715
1/30/2016,0.0865,
2/6/2016,,
2/7/2016,-0.0255,0.2472
2/14/2016,-0.0334,
2/15/2016,,
2/22/2016,,
3/1/2016,0.1636,0.3068
3/2/2016,,
3/9/2016,0.1158,0.2268
3/10/2016,0.1838,0.4662
3/17/2016,0.1904,0.4549
3/18/2016,,
4/2/2016,0.11,0.1959
4/3/2016,0.1226,0.2574
4/10/2016,,
4/11/2016,0.1872,0.4508
4/18/2016,,
4/19/2016,,
4/26/2016,0.1002,
4/27/2016,0.2161,0.4631
5/4/2016,0.2113,0.4764
5/5/2016,0.1615,0.3975
5/12/2016,0.1844,0.414
5/13/2016,0.2185,0.4312
5/20/2016,0.18,
5/21/2016,0.1895,0.3633
5/28/2016,0.2116,0.4005
5/29/2016,0.2667,0.4818
6/5/2016,0.2988,0.4437
6/13/2016,0.3102,0.4948
6/14/2016,0.3358,0.511
6/21/2016,0.2911,0.502
6/22/2016,0.2817,0.4477
6/29/2016,,
6/30/2016,0.3154,
7/7/2016,0.3192,0.5329
7/8/2016,0.271,0.4511
7/15/2016,,0.4449
7/16/2016,0.2914,0.5124
7/23/2016,0.3161,0.5526
7/24/2016,0.267,0.4462
7/31/2016,0.2239,0.4248
8/1/2016,0.304,0.5138
8/8/2016,0.2697,0.5297
8/9/2016,0.2529,0.4801
8/16/2016,0.2256,0.4563
8/17/2016,0.2956,0.4357
8/24/2016,,
8/25/2016,0.2432,0.4895
9/1/2016,0.2534,0.4755
9/2/2016,,
9/9/2016,0.296,0.5449
9/10/2016,0.2552,0.4852
9/17/2016,0.2475,0.4789
9/18/2016,0.2802,0.5388
9/25/2016,0.2738,0.5397
9/26/2016,0.2265,0.4653
10/3/2016,0.2104,0.464
10/4/2016,0.2484,0.5253
10/11/2016,0.2525,0.5504
10/12/2016,0.1751,0.3458
10/19/2016,0.1855,0.4584
10/20/2016,0.2256,0.5362
10/27/2016,0.2299,0.5582
10/28/2016,,
11/4/2016,0.171,0.4577
11/5/2016,,
11/12/2016,0.2269,0.575
11/13/2016,,
11/20/2016,0.1406,0.4273
11/21/2016,0.2245,0.5668
11/28/2016,0.2008,0.4786
11/29/2016,0.1109,0.2936
12/6/2016,0.1632,0.4251
12/7/2016,0.0296,0.3609
12/14/2016,0.202,0.4766
12/15/2016,,
12/23/2016,0.1073,0.4699
12/30/2016,0.1796,0.5603
12/31/2016,0.1229,0.3768
1/7/2017,0.0007,0.2018
1/8/2017,,
1/15/2017,,
1/23/2017,0.0914,0.311
1/24/2017,,
1/31/2017,0.1525,0.2337
2/1/2017,0.135,0.3657
2/9/2017,,
2/16/2017,0.19,0.5354
2/17/2017,0.1195,
2/24/2017,,
2/25/2017,0.1469,0.4237
3/4/2017,0.1843,0.5239
3/5/2017,,
3/13/2017,,
3/20/2017,0.1456,0.4667
3/21/2017,0.1362,0.3678
3/28/2017,0.1192,0.2625
3/29/2017,,
4/5/2017,0.0098,0.1271
4/6/2017,0.1164,0.3285
4/13/2017,0.1409,0.3963
4/14/2017,0.1838,0.4594
4/21/2017,0.214,
4/30/2017,0.0129,0.1285
5/7/2017,,
5/8/2017,,
5/15/2017,0.1819,0.4023
5/16/2017,0.2264,0.4604
5/23/2017,0.2729,0.5152
5/24/2017,0.2052,0.4271
5/31/2017,0.2008,0.2376
6/1/2017,,
6/8/2017,,
6/9/2017,,
6/16/2017,0.2326,0.4423
6/17/2017,0.1869,
6/24/2017,0.2803,0.5181
6/25/2017,0.2236,0.4175
7/2/2017,,0.3369
7/3/2017,,
7/10/2017,0.2755,0.5232
7/11/2017,0.1883,0.3845
7/18/2017,,0.3509
7/19/2017,0.2731,0.5167
7/26/2017,,
7/27/2017,0.2574,0.4754
8/3/2017,,
8/4/2017,0.32,0.5346
8/11/2017,0.3157,
8/12/2017,0.2657,0.4769
8/19/2017,0.288,0.4369
8/20/2017,0.3283,0.3889
8/27/2017,0.3286,0.5408
8/28/2017,0.2774,0.4743
9/4/2017,0.2285,0.4391
9/5/2017,0.32,0.5344
9/12/2017,0.3162,0.5441
9/20/2017,0.2573,0.4841
9/21/2017,0.2911,0.5276
9/28/2017,,
9/29/2017,0.2352,0.41
10/6/2017,0.2414,0.3774
10/7/2017,0.2807,0.5304
10/14/2017,0.2689,0.5372
10/15/2017,0.2212,0.4769
10/22/2017,0.1688,0.3313
10/23/2017,0.2468,0.5108
10/30/2017,,
10/31/2017,0.1957,0.4507
11/7/2017,0.1219,
11/8/2017,0.2039,0.4486
11/15/2017,0.215,0.4595
11/16/2017,,
11/23/2017,,
11/24/2017,,
12/1/2017,0.2212,0.5974
12/2/2017,0.1724,0.5137
12/9/2017,0.1728,0.5343
12/10/2017,0.2106,0.593
12/17/2017,0.2029,0.4627
12/18/2017,0.1573,0.4802
12/25/2017,0.1529,0.3069
12/26/2017,0.2083,0.5835
1/2/2018,0.2153,0.6169
1/3/2018,0.1494,0.4492
1/10/2018,,
1/11/2018,0.2057,0.5854
1/18/2018,0.1977,
1/19/2018,,
1/26/2018,,
1/27/2018,,
2/3/2018,,
2/4/2018,0.1471,0.4357
2/11/2018,-0.2482,0.1063
2/12/2018,,
2/19/2018,0.1711,0.5363
2/20/2018,-0.0332,0.1459
2/27/2018,0.1299,0.3132
2/28/2018,0.1845,0.4538
3/7/2018,0.1839,0.5037
3/8/2018,0.1393,0.4316
3/15/2018,0.081,
3/16/2018,0.1864,0.4831
3/23/2018,,
3/24/2018,0.143,0.3364
3/31/2018,0.131,0.4026
4/1/2018,0.1844,0.4564
4/8/2018,0.1918,0.4882
4/9/2018,0.1375,0.3919
4/16/2018,0.1359,0.3608
4/17/2018,0.1811,0.4369
4/24/2018,,
4/25/2018,0.1599,0.3377
5/2/2018,0.1074,
5/3/2018,,
5/11/2018,0.1726,0.3806
5/18/2018,0.1943,0.3794
5/19/2018,,
5/26/2018,0.1616,0.2504
5/27/2018,0.181,0.4008
6/3/2018,,
6/4/2018,0.2516,0.4047
6/11/2018,0.238,0.4578
6/12/2018,0.1911,0.3542
6/19/2018,0.2025,0.3887
6/20/2018,0.2567,0.4801
6/27/2018,0.2705,0.4641
6/28/2018,0.2145,0.4111
7/5/2018,0.193,0.2455
7/6/2018,0.289,0.4797
7/13/2018,0.2798,0.4255
7/14/2018,0.2455,0.3489
7/21/2018,0.2361,0.3996
7/22/2018,,
7/29/2018,0.3369,0.5051
7/30/2018,0.2682,0.4173
8/6/2018,0.2754,0.419
8/7/2018,0.3236,0.4943
8/14/2018,0.3196,0.5054
8/15/2018,,
8/22/2018,0.2505,
8/23/2018,0.2858,0.4832
8/30/2018,0.286,0.5108
9/7/2018,0.2594,0.4821
9/8/2018,0.2858,0.5126
9/15/2018,0.2703,0.5128
9/16/2018,0.223,0.4477
9/23/2018,0.217,0.4476
9/24/2018,,
10/1/2018,0.2432,0.3481
10/2/2018,,
10/17/2018,,
10/18/2018,0.1737,0.4262
10/25/2018,0.1733,0.4199
10/26/2018,0.217,0.5215
11/2/2018,0.1767,0.3124
11/3/2018,0.1102,0.2569
11/10/2018,0.1658,0.4519
11/18/2018,0.1511,0.46
11/19/2018,0.1307,0.3956
11/26/2018,0.0992,0.3239
11/27/2018,,
12/4/2018,0.2012,0.5788
12/5/2018,0.1219,0.3272
12/12/2018,0.1331,0.3619
12/13/2018,0.1936,0.5891
12/20/2018,0.2049,0.5937
12/21/2018,0.1129,
12/28/2018,0.1368,0.3486
12/29/2018,0.1797,0.6116
1/5/2019,0.1688,0.6159
1/6/2019,0.1051,0.2539
1/13/2019,-0.1043,0.1382
1/14/2019,-0.0101,0.3552
1/21/2019,0.0643,0.4113
1/22/2019,,
1/29/2019,-0.0405,0.1781
1/30/2019,0.0218,0.3256
2/7/2019,0.0166,0.1994
2/15/2019,0.1667,0.3453
2/22/2019,0.101,0.3123
2/23/2019,-0.4058,0.0564
3/2/2019,0.0871,0.2231
3/3/2019,-0.0109,0.1588
3/10/2019,0.17,0.3418
3/11/2019,,
3/18/2019,-0.3124,0.0894
3/19/2019,0.0145,0.1865
3/26/2019,,
3/27/2019,0.1006,0.2366
4/4/2019,,
4/11/2019,,
4/12/2019,,
4/19/2019,0.1395,0.4058
4/20/2019,,
4/27/2019,0.1906,0.4473
4/28/2019,0.143,0.3816
5/5/2019,0.1557,0.2994
5/6/2019,0.1958,
5/13/2019,0.2251,0.4357
5/14/2019,0.1667,
5/22/2019,,
5/29/2019,,
5/30/2019,0.2043,0.3684
6/6/2019,0.2222,0.4082
6/7/2019,0.2635,0.4698
6/14/2019,0.2885,
6/15/2019,0.2104,0.3898
6/22/2019,0.2549,0.4165
6/23/2019,,
6/30/2019,0.2899,0.4823
7/1/2019,,
7/9/2019,0.2776,0.4899
7/16/2019,0.3079,0.5209
7/17/2019,0.2527,0.3878
7/24/2019,0.27,0.4719
7/25/2019,0.3201,0.4771
8/1/2019,,
8/9/2019,0.2812,0.486
8/17/2019,0.5179,
8/18/2019,0.249,0.467
8/25/2019,0.2387,0.4408
8/26/2019,0.2693,0.502
9/2/2019,0.2669,0.5115
9/3/2019,0.2146,0.4576
9/10/2019,0.2239,0.4826
9/11/2019,0.2691,0.515
9/18/2019,0.2748,
9/19/2019,0.2244,0.471
9/26/2019,0.1729,0.304
9/27/2019,0.2525,0.4956
10/4/2019,0.2445,0.544
10/5/2019,0.1672,
10/12/2019,0.1768,0.2828
10/13/2019,0.228,0.4976
10/20/2019,0.2247,0.513
11/5/2019,0.1756,0.4112
11/6/2019,0.1371,0.3551
11/13/2019,0.1089,
11/14/2019,0.2068,0.5139
11/29/2019,0.0574,0.3276
12/7/2019,0.1897,0.607
12/31/2019,0.0646,0.3989
1/8/2020,0.1904,0.6038
1/9/2020,0.1081,0.3502
1/24/2020,0.1717,0.5277
1/25/2020,0.1235,0.3711
2/2/2020,0.1513,0.8232
2/10/2020,-0.0724,
2/17/2020,0.0021,0.3344
2/26/2020,0.0618,0.3639
3/4/2020,0.0781,0.2401
3/5/2020,0.1288,0.3972
3/21/2020,0.1162,
3/28/2020,0.1237,
4/5/2020,0.1389,0.3484
4/6/2020,0.1755,0.434
4/13/2020,0.229,
4/14/2020,0.0738,
4/21/2020,0.1366,0.366
4/29/2020,0.1888,0.4503
5/7/2020,0.1553,0.3827
5/8/2020,0.1949,0.4269
5/16/2020,0.1746,
5/23/2020,0.1879,0.2246
5/31/2020,0.2545,0.4717
6/1/2020,0.2078,0.4156
6/8/2020,0.2274,0.4473
6/16/2020,0.2611,0.4607
6/17/2020,0.2198,0.4109
6/24/2020,0.2058,
7/2/2020,0.2571,0.4828
7/3/2020,0.1872,0.305
7/10/2020,0.2208,0.4506
7/11/2020,0.2435,0.4732
7/19/2020,0.1975,0.39
7/26/2020,0.2254,0.456
7/27/2020,0.2191,
8/3/2020,0.2714,0.4948
8/11/2020,0.225,0.3959
8/12/2020,0.513,
8/19/2020,0.2495,0.5032
8/20/2020,0.1898,0.4193
8/27/2020,0.2295,0.4688
8/28/2020,0.2525,0.4582
9/4/2020,0.2539,0.5028
9/5/2020,0.2134,0.4602
9/12/2020,0.2225,0.474
9/13/2020,0.2492,0.5051
9/20/2020,0.2507,0.5122
9/21/2020,0.2059,0.4418
9/28/2020,0.1943,0.4464
9/29/2020,0.2335,0.5046
10/6/2020,0.2218,0.4988
10/7/2020,0.1698,0.4198
10/14/2020,0.1789,0.4508
10/22/2020,0.2085,0.5082
10/30/2020,0.1386,0.3196
10/31/2020,0.1967,0.4553
11/8/2020,0.1734,0.483
11/15/2020,0.1623,0.4735
11/16/2020,0.2034,0.5425
11/23/2020,0.2035,0.4134
12/9/2020,0.1795,0.6201
12/17/2020,0.0495,0.1609
12/25/2020,0.1897,0.6152
12/26/2020,0.1149,0.3957
1/2/2021,0.0738,0.4003
1/3/2021,0.1716,0.6786
1/10/2021,0.2639,0.8973
1/11/2021,0.0999,0.383
1/18/2021,0.0627,0.2603
1/27/2021,0.2505,
2/3/2021,0.1264,0.4035
2/4/2021,0.2799,
2/11/2021,0.1742,0.4593
2/12/2021,0.1236,0.367
2/19/2021,0.0615,0.3355
2/20/2021,0.1247,0.4328
2/28/2021,0.1004,0.2479
3/7/2021,0.1025,0.1679
3/24/2021,0.1249,
3/31/2021,0.1525,0.4264
4/1/2021,0.1077,0.2648
4/8/2021,0.2909,
4/9/2021,0.167,0.4115
4/24/2021,0.139,0.3871
4/25/2021,0.1715,0.4293
5/2/2021,0.1898,0.4613
5/19/2021,0.1785,0.4185
5/26/2021,0.2806,
5/27/2021,0.2276,0.4387
6/3/2021,0.2559,0.4297
6/4/2021,0.227,0.438
6/11/2021,0.2396,0.4281
6/12/2021,0.2579,0.4621
6/19/2021,0.2785,
6/20/2021,0.2506,0.4644
7/5/2021,0.3074,0.5124
7/6/2021,0.2767,0.4727
7/13/2021,0.1972,0.3873
7/21/2021,0.3134,0.5146
7/22/2021,0.2923,0.5175
7/29/2021,0.275,0.4933
7/30/2021,0.294,0.5091
8/6/2021,0.3308,0.4833
8/7/2021,0.1362,
8/14/2021,0.2924,0.5105
8/15/2021,0.3215,0.5323
8/22/2021,0.3055,0.5315
8/23/2021,0.2605,0.4737
8/30/2021,0.264,0.467
8/31/2021,0.2902,0.5033
9/7/2021,0.278,0.5128
9/8/2021,0.2563,0.4607
9/15/2021,0.2629,0.5047
9/16/2021,0.2708,0.5164
9/24/2021,0.2421,0.4829
10/1/2021,0.1134,0.0822
10/2/2021,0.2758,0.6474
10/9/2021,0.2503,0.5195
10/10/2021,0.2159,0.4704
10/17/2021,0.2151,0.4991
10/18/2021,0.2328,0.4337
